source,author_id,text,hsd_answer
davidson,pseudo_d7745495e1ff,@iiAK lmaoo boy how you think Benny heard it lol i was blasting that bitch,0
hatexplain,pseudo_94ff9ef96c65,aint nothin like a ride or die bitch she come thru and throw the <number> up love to fuck she even roll the piffy up,0
toxic_spans,pseudo_b21aa7b15a0f,"Well it's nice to know that if I ever really hate somebody, I get one mostly-free murder. As long as I'm acting like a moron, I'm not a black man, and it's an ""accident.""",0
measuring_hate_speech,pseudo_c92f88899905,Fags are disgusting and bad for you fren.,1
dynahate,pseudo_e3cd7fc199cd,"Ummmm so you say you like music, but you haven't listened to *insert obscure indie band*? Get away from me, you pleb!",1
dynahate,pseudo_1a3c3b0cca61,"Women's brains are smaller than men's, they can't understand complex things",1
measuring_hate_speech,pseudo_206776331169,I'd leave a load all over that pussy,0
davidson,pseudo_eaa22dd18490,RT @Bigboybeezy: If you a hoe on the internet you a hoe irl,0
davidson,pseudo_d7cc3228eeaa,And ha bitch break down my weed sometimes,0
davidson,pseudo_8af5344d9e73,Preach RT @POONsoaker: Ugly girls are the way to go man. Nobody got time for you pretty hoes,0
measuring_hate_speech,pseudo_d329f77b14cb,"@Castro4Congress @BillMillerBarBQ @HistoricPearl This is the kind of shit the Nazis were pulling on the Jews in Germany before they decided to,"" take action and eliminate the problem"". Its straight out of the book. Little faggot",1
hatexplain,pseudo_5a238df29c01,<user> belfast connections tell me gillian anderson was a total bitch filming the fall,0
dynahate,pseudo_77eeec0687f5,"Gotta save their faces and run an identity search. I see a ton of racist comments from public profiles of stupid people mostly on Instagram, I‘d like to know if there’s a way to screw them over to their school over hate speech",0
hatecheck,pseudo_f9a017ce32ef,Too many w h o r e s in this country. ,1
measuring_hate_speech,pseudo_2dcf26169908,KAMALA HARRIS IS THE ONLY CANDIDATE FOR PRESIDENT WHO HAS ACTUALLY PUT THOUSANDS OF BLACK MEN IN CAGES IN PRISON FOR YEARS RIPPING THEM FROM THIER CHILDREN'S ARMS!😱,0
hatexplain,pseudo_f21f671fdbde,the left does not give a fuck about victims of muslim terror attacks or rapes they see them as bad pr their biggest concern is always that whites might criticize muslims after those attacks that why they are so rustled at kellyanne slip their only consistency is trying to genocide whites,0
dynahate,pseudo_8998086a54d1,Women should just pack up and live on another planet,1
measuring_hate_speech,pseudo_5633d833f5ba,They done fuck up Charlie's Angels into feminist propaganda bullshit,1
davidson,pseudo_88122018c5d5,I'm going to be an ugly niggah for Halloween so I can just be myself.,0
davidson,pseudo_3139547a7152,Yuh bitch voz de mando at ok was the best mf Friday yet :),0
measuring_hate_speech,pseudo_d2f1c40be172,"The Somerville mayor called out Barstool for being sexist, racist and right wing lunacy. People brought to light to Pres how he was probed by the FBI for extortion and how his family has been tied to sexual relations with underage kids, arson, beating elderly women, meth dealings, stabbings etc. Pres just went off and posted all of it and us asking him to debate him.",0
toxic_spans,pseudo_35b9f6622eb1,Idiot!,0
measuring_hate_speech,pseudo_5d3e1e303bb6,keep ignoring me bitch ima fuck around and forget how to suck yo dick,0
davidson,pseudo_08db5b3ad05d,RT @vickyBeanMr: We live In a world full of unloyal hoes &amp; ugly niggas asking for hugs,0
davidson,pseudo_38a0c867370f,@woohdakidd_74 lol mane shut dat bitch shit up youn fucc wit me,0
dynahate,pseudo_a4159273358b,I'l actually respect pikeys if they all commit suicide. Just fucking do it.,1
measuring_hate_speech,pseudo_5b209cd50b21,There is plenty of evidence that women and non-white people are disadvantaged in almost every hiring process in the western world.,0
davidson,pseudo_b69ba851a362,"@cuunthiaaa @Fvnxy he's the ""fuck her right in the pussy"" guy",0
measuring_hate_speech,pseudo_b28dc360bcac,"She is one incredible woman, would love to have my cock sucked by her.",0
davidson,pseudo_ca9b6d3b8b49,RT @jcash___: Bradshaw ain't no hoe,0
dynahate,pseudo_72a2c8476098,This black spider looks exactly like these black men,1
measuring_hate_speech,pseudo_54457690c147,"I'd be too tired at the end of the day to do anything too involved and elaborate. I would See her in that position and walk right up to her, spit on her butthole to use as lube. Then I would wrap my belt around her neck and cinch it super tight sister choking her into the same time fucking her in the shit pipe with with my dick",1
convabuse,pseudo_3c0165a056a5,"Yes, dammit.",0
davidson,pseudo_5539a4fafc0d,foreign bad bitch n she said her name trinaaa trap house look like it got hit by hurricane katrinaaaa,0
dynahate,pseudo_44d60029b409,"well my friend, you certainly won’t get put to death for being gay in Israel like you would in some other countries in the 
Middle East",1
dynahate,pseudo_980e17553324,This should really be federal law but the libtards wont even let that happen. #BelieveWomenMyAss,1
hatexplain,pseudo_dc90dc652e7d,nope so far i earn enough to get by with me and my son i refuse to be one of those ghetto trash bitches on food stamps even if i do rent in a ghetto,0
measuring_hate_speech,pseudo_25df9fa8f797,We all pray for peace in the middle east and all over the world where the US is trying to steal and destroy nations that can't defend themselves URL,0
dynahate,pseudo_5ae95822edcf,Politicians are compulsive liars,0
measuring_hate_speech,pseudo_c8c968b06c0d,Iran is full of religious Nazis...,1
measuring_hate_speech,pseudo_cbef6c89258e,"Those losers are way outta their league, the closest they'd ever get to someone of her caliper would be a cardboard cutout.  Also, I hope that pic haunts those guys' lives. If these douchebags ever land a future date, I hope this pic shows up when a prospecting date google's any one of these chodes.",0
measuring_hate_speech,pseudo_3540f61ba4f5,"I was born in the US and have a lot of American blood, but I moved to China when I was very young. Stayed there for about eight years. My family moved back to the US and I realized how so many people there actually stayed in their county for their I entire lives. So that stuck with me.",0
hatexplain,pseudo_2ef03d7e26f8,<user> lmao son you know my mind gone beyond the regular crazy shit i ’ m retarded 😂 😂,0
measuring_hate_speech,pseudo_de917fcfc460,"Nigerian women are so bad in bed, Lesbians are cheating on each other with men. You hate to see it URL",0
davidson,pseudo_f3c9f748b66f,@Rocko4Real is one of the rawest niccas doin dis shit!,0
measuring_hate_speech,pseudo_7d9d1d30dee3,"Its a woman doing or in charge of the documentary. Dont watch it guys, all women are evil and AWALT. I bet she wouldnt care if men in her family, husband if she has one, father, uncles, grandfather or son killed themselves. Shes a woman in the end so that means she is subhuman and the same as every other slut in 20s and 30s now. Btw your moms and grandmoms who give you advice not to marry in these times are hoes and AWALTs too. /s btw I consider myself mgtow 110% but not everything in life is black and white. There are exceptions to the rule.",1
hatemoji_build,pseudo_a611718e7d14,Romany people are disgusting!! They deserve to be fed to the 🐀,1
measuring_hate_speech,pseudo_67f05c7bd7f8,Im an atheist myself was and is good,0
measuring_hate_speech,pseudo_8f13a274e097,"Stupid fucking thot, no wonder why women are useless",0
hatexplain,pseudo_fcf85a03c04b,for the queer readers you deserve every adventure nina varela baby i already love u so much,0
davidson,pseudo_3eee0cf44f2a,"@argylegray @JTrevorHowerton @HollyRFisher I don't give a flying fuck what you think about my tweets, worthless teabagger scum.",0
dynahate,pseudo_420511419eac,"Muslims are not terrorists, but they like to bomb like them!",1
toxic_spans,pseudo_a00b7c42892f,"We need an Alt Right Gov. in Canada to stop
this crap. Judges have no right to make laws.
And by the sounds of it, they are trying to
install a communist Gov. All the crap so many died
stopping, now they are trying to slip it to us nice
and quietly. They are a disgrace to Canada, so
is the judicial system now and the young have
no clue as to what scum commies are.",0
dynahate,pseudo_5248854131c4,"She said to me, you are a vile human being, and i was like, so are you..she didn't like that",0
davidson,pseudo_363ad0a70c4a,"RT @Nostradamnisuck: Mary had a juicy clam,
Was always good to go
Little touch of boated man
And she began to flow

#HallmarkNostraCollecti&#8230;",0
convabuse,pseudo_cd97ba1f069b,i just don't know aboput it,0
dynahate,pseudo_b932af36b355,"the idea that you could have a working civilization with blacks working side by side, is how the world should work, is the essence of a democratic world.",0
measuring_hate_speech,pseudo_9cd61de3b984,what's the tea on puerto rican men?,0
dynahate,pseudo_d6a8ad9536ae,"As a muslim living in europe, extremists make it very hard for myself and many others, cause they drag our reputation in the mud, and after every incident it's harder to blame the locals to hate on muslims, thus putting innocent people in danger (ofc besides the innocent victims of their crimes).",0
dynahate,pseudo_def73cc244f2,"places without rowdy football fans are far more easy to handle, well maintained and generally everyone is just a lot nicer. That's how I've always found it.",0
measuring_hate_speech,pseudo_b03bbe5f937f,Strongly condemn forced suspension/ deactivation of twitter accounts of journalists @UmarCheema1 & @AzazSyed. Speech & media freedom are being suppressed brutally in Pakistan. Democratic world must take notice. @UN @UNHumanRights @amnesty @hrw @StateDept,0
dynahate,pseudo_9b9795b32a99,I thought real Romans lived in stone huts or authentic tents? Why's this movie trafficking in modern innovations like indoor plumbing' ay nothing of historical accuracy? Are they killing the movie industry there yet?,0
dynahate,pseudo_1aee7bdf91ce,Every time anyone capitulates to apes it makes everything worse. In fact them just being around makes everything worse. Because they surely prove the idea that big government feels the need to micromanage everyone's lives .,1
davidson,pseudo_d7e479066553,RT @_TrillKVLE: @Visually_Gifted I'll find you a ride. But it's no pussy shit and that was some pussy shit &#128548;&#128514;,0
davidson,pseudo_07eb35b77a47,@CeeNCrumpets self low down black bitch?,0
davidson,pseudo_d0f115c91609,"&#8220;@UTRagers: COLT MCCOY WINS&#8252;&#65039;
#HookEm&#128002;&#8221; he's still trash",0
dynahate,pseudo_74b2e78f7df4,We all know that Israelis like to build and Arabs like to bomb crap and live in open sewage. This is not a difficult issue. #settlementsrock,1
dynahate,pseudo_7fdcd8765fde,My name is Mustafa but everyone calls me Mussie,0
dynahate,pseudo_25da52a93877,worthless black chimp- I get called that almost daily now,0
measuring_hate_speech,pseudo_4cd760767596,They think that all of us LATINX are trash so why not die and fight for Russia and prove we are not trash...Revenge is good for the soul and we can free ourselves from the Evil Empire(USA) and make Latin America Great Again...I really hate Americunts,1
measuring_hate_speech,pseudo_6d47873dcfda,And we thought fags couldn't get gayer,1
davidson,pseudo_1dd2ab70bcb3,Reathie scared thenna bitch,0
dynahate,pseudo_285c7c6d2770,she should love fucking physics as she takes physics classes at her spare time,0
davidson,pseudo_53bcead36e5c,I swear I worry about me and nothing's but me. I keep no other bitch on my radar.... I'm not gay.... &#127383;,0
hatemoji_build,pseudo_109d400cf3a1,i'm so OCD 😉,1
measuring_hate_speech,pseudo_dab31068fead,She must be brain dead.,0
measuring_hate_speech,pseudo_d31250dab3ba,They need to be deported there illegally here,0
measuring_hate_speech,pseudo_bdf2b089d285,"@ORlyYahRly @balis_nicky @MRKHvoice As I've explained before, Nazis kill for a purpose, even if it's a terrible and misguided one. TERFs kill for nothing. Pure hate.",0
convabuse,pseudo_000430300022,Could you elaborate on that?,0
dynahate,pseudo_71ad38409f28,That bastard took the money and is stashing it in an offshore tax haven that he just so happens to have an apartment.,0
hatexplain,pseudo_60ce87ebb4ae,guess you gotta be a bum bitch to get shit from niggas now a days,0
davidson,pseudo_de9b8cc70ebc,&#8220;@Tom_2Times: Making weed brownies tonight&#8221; goin slide me a batch relo,0
hatexplain,pseudo_be99156a7c17,got my mail all women home in the afternoon met one at mailbox she get people magazine delivered i pointed to her mag and asked how old were you when you began to hate the truth she made a dirty asian face at me,0
measuring_hate_speech,pseudo_0680265b2a27,Somalia stinking shit hole and Somalis most arrogant black bastards in world 🌎,1
dynahate,pseudo_c075d32ead66,"Who will control all the druggys that are on the street? How will they control the hood? Or any poor neighboorhoods? Believe it or not most blacks dont care about blm they just wanted some free shit. Theres so many people who are willing to fight back against tyranny that i think something else deeper is going on. Theres something fishy going on, either that or people are being whipped up into a frenzy because it sells.",1
hatecheck,pseudo_139ba7fa2abe,Somebody should just stab those disabled people. ,1
davidson,pseudo_de305ded085a,"""@ZoeBarton3: @h0rheyd ewww I said THAT last Sunday..as in the last Sunday I was there. Read it again nigs""&#128563;&#128563;&#128563;&#128563;&#128563;",0
dynahate,pseudo_acffd488a7a1,what an utter jerk we have here!,0
dynahate,pseudo_ef89f35b2412,I would be lying if I said I like jungle bunnies,1
measuring_hate_speech,pseudo_2a8dbedfdf76,"k roninson This is indeed a BEAUTIFUL SIGHT for my eyes. While only negative news about young Black males seems to be the game of the day, this young man proves that anyone can dream and obtain what you desire if you apply yourself. Safe skies to you my young friend.",0
hatexplain,pseudo_a49dfc50541a,i wonder how many illegal immigrants will still seek sanctuary in california lol,0
measuring_hate_speech,pseudo_011ec41e494e,@adam22 1 cuz she suck dick,0
measuring_hate_speech,pseudo_97fd2088c47b,joe is a fag,1
dynahate,pseudo_8d0e2784b257,"Hey this is nothing more than the price acting, of course halal meat and pork is cheaper than cattle meat. Of course people will usually go for the cheaper option, even if its dirtier, and there's where the economy changes pure british culture, but the consume of what is part of tradition will continue. Also the space isn't really that important since most of what the gross chinese consume is imported, look at how much soy they buy from Brazil and how much meat they import",1
toxic_spans,pseudo_f3635072f44c,"Black and Brown People still own millions of Black and Brown slaves.
They castrate them, rape them and even kill them. 
So who are you calling a supremacist, white nationalist or racist. Little Brown woman?",0
dynahate,pseudo_4cffcad14235,dykes are heinous,1
dynahate,pseudo_1f0093d07498,"I know how you feel. More than half of my school's population is mestizo, 1/4 of the population is black, and only 1/10 is white. My mom doesn't want me to leave the school but luckily this is my last year. Anyways, despite the mestizo majority, they aren't as bad as blacks. It's always black people. I had never believed in fighting, but my first fight was with this black girl after she pushed me aggressively and told me to move. I punched her and she started cursing me out in an aggressive manner. I couldn't have one word in the conversation since she kept screaming curse words at me. I got detention afterwards but it was worth it. This huge incident and a few other incidents made me afraid of them as well. I always ignore them when they tap my shoulder...cause it automatically makes me think they're going to bully me",1
dynahate,pseudo_ea85fe9c5056,"I don't accept people calling my friend retarded, the correct term is retarded fag",1
measuring_hate_speech,pseudo_1841e5fd98d7,"They all straight IRL, right?",0
dynahate,pseudo_ce44d0166bbe,"I would like to see more indigenous people in federal and state elected offices. Their people got shit on hard and not all that long ago (really even now) and continue to be largely ignored thanks to the isolation we put them in and their relatively low populations, again, a result from us. It really does bother me how little representation they get in matters that really affect them outside of their small communities. If anybody should have a say in this country, surely it is them.",0
hatexplain,pseudo_e7ee0cc9fa49,that was the plan all along to fund train arm bring the wahabi terrorists who terrorised the levant to white countries just another part of the never ending saga of the jewish holocaust of humanity,0
davidson,pseudo_4ad164c3403e,@vivaalakatyy @brotherbill7 @JHuff_5 good bitch choke,0
hatemoji_build,pseudo_8cbaccb55b46,all women r 💝,0
toxic_spans,pseudo_5db0bc60c3a5,You'd have to be an idiot to choose to make yourself an Apple victim.,0
toxic_spans,pseudo_5eaf2d4865d7,"I'm a retired psychotherapist. Among my clientele over the years were students at Etobicoke School of the Arts and Earl Haig. Without a specialized arts school to go to, they would have been education drop-outs. Instead they either became performing artists or went on to university to succeed in other fields. Killing the specialty schools would be short-sighted and foolish.",0
davidson,pseudo_3e72c60bbdd6,RT @GuyCodes: One loyal girlfriend is worth more than a hundred hoes.,0
dynahate,pseudo_f6872ecaa485,Women who go out alone at night deserve whatever happens to them,1
measuring_hate_speech,pseudo_ae678f986da4,if bitches jealous right NOW? oh y'all gone be sick once I'm UP. ongod lol,0
hatexplain,pseudo_a27d45b9d2f2,tell me more about the religionofpeace aka islam ibrahim sulaiman jihad is not inhumane despite its necessary violence and bloodshed its ultimate desire is peace which is protected and enhanced by the rule of law,0
toxic_spans,pseudo_2c1e8884ecaf,"as I said before, ass****",0
dynahate,pseudo_f80fa8a0a2c7,"They always seem to say stupid shit like ""is a truly frightful idea."" Like, grab my night cap, we've got a frightful idea over here, Florence. What's really frightening is the amount of indians in this borough",1
dynahate,pseudo_82ee8bf2e440,"We need to look out for Asians. Read this: ""Asian patients had higher odds of being hospitalized than white patients even though they were less likely to receive positive COVID-19 test results"".",0
dynahate,pseudo_834e292de9c6,muslim women look like bloody letterboxes,1
measuring_hate_speech,pseudo_6f6a11051f7a,"@realDonaldTrump fuck off, fat boy. and take your idiot supporters, chain migration family, fake god and idiotic enablers with you.",1
dynahate,pseudo_21cdf726a2e8,I have tv shows for days which are about all of this garbage culture war bullshit.,0
dynahate,pseudo_1a2cbe2af1cd,"what a trashy grotesque looking house, probably pakis that live in there",1
measuring_hate_speech,pseudo_0431a7ab55fa,I'm all for immediate deportation of these ppl.,0
dynahate,pseudo_fda479b07052,"I hear a lot of shit about arabs, only half of it is true, lol",1
toxic_spans,pseudo_8a560eb9a70f,Those darn Russians!,0
toxic_spans,pseudo_5f64e89ed176,"You Liberal Democrats are so very gullible! Guam my foot, only Fools believe the North is focusing on Guam. Kim is not crazy, he sent you all FAKE News! It's Oahu, home of the Pacific Fleet
You can take that to the bank",0
toxic_spans,pseudo_1f49918c599f,I had not thought of that aspect Dennis. I hope our military will have the courage to step in and prevent a world wide disaster. By step in I mean prevent Trump from doing something stupid if Congress won't act.,0
dynahate,pseudo_be694f2ad2af,"Most large clothing companies in my view are corporations with money-interest and thus J3wish interest at this point. It's difficult not to give money to Jewish shareholders, so I prefer to keep my consumption low, that's probably the best way to hurt J3wish interests which relate to consumerism. Here in Europe we have some Nationalist brands (Thor Steinar, etc), but I find these to be somewhat of a double edged sword because you can become a target. That being said, I obviously avoid any brand literally created by a J3w because I just can't stand having the name of a k_k_ on my clothing. Levi Strauss & Calvin Klein & Ralph Lauren comes to mind.",1
convabuse,pseudo_f2aa14faa3e1,yes,0
hatexplain,pseudo_73d5634269f7,<user> ok u still get passed onto high school retard,0
measuring_hate_speech,pseudo_d55ea71770e6,"I am a woman and I do not believe abortion is a woman's right, I do not believe it is a woman's right to kill her own flesh and blood, I am sick and tired of the argument always being that men want to make the rules about women's bodies, there are a lot of women who feel the same way. Oh and it was a woman that actually signed this into law, conveniently left that out... Get a better argument please!",0
dynahate,pseudo_ec8065a51a85,the real virus isn't corona; it's them immigrants,1
davidson,pseudo_292951b74656,dis Morgan hoe in da middle of erything....,0
davidson,pseudo_79245b4bbcf4,Foto: mimiblargh: ok pls consider this: kingdom birbs (can u guess who is who and what birds they are???... http://t.co/NWjUmmEWNJ,0
dynahate,pseudo_b99935f12e58,"It's funny how people interpret language, for example some people say it's slur to call something gay but others may not",0
davidson,pseudo_d23a73b1723b,John McCain trashes Jay Carny live on CNN - #Syria #ISIS #Obama http://t.co/ZT690BkTrI,0
dynahate,pseudo_225539ad3134,What are your best gay jokes?,1
dynahate,pseudo_ccc16b1cdec1,"Islam might be correct on a few of issues not all of them. Now, nearly all religions not only has, but condones, at some point, child rape and inbreeding, including Christianity, Hindus... they all do it. Still, it's a disgusting reason to call them desert dwellers and inbred pakis. Stop scapegoating it, look at your own culture and biases and make that strong again",0
measuring_hate_speech,pseudo_f1ce4dc31e58,Women like this need to be jailed and fined and locked up and sterilized with all their possessions taken away and trashed and their bank accounts emptied.,1
measuring_hate_speech,pseudo_59eefa526725,"The US of A is a nation of immigrants; just that some of them are earlier than others. If you want to talk about ownership or who are the indigenous people, then I would say they would be the native Americans. So you white Americans stop talking like you own the land; you may have stole the land, that's all.",0
davidson,pseudo_2b9ebdba344e,GA Charlie @Charlie4927 @sholzbee @DorisTafoya1 @cat_lmbo @Jagauress @Walter_lars @lynnemrnp @AmyMek @Justin_Awe,0
toxic_spans,pseudo_27aeb43a9eaf,"America gets to buy our natural resources at discounted prices while we have go to Walmart and buy their cheap crap for over inflated prices.  Who's going really lose if the tax wall goes up?

I the Prime Minster want to humoring Trump that's OK, but if he's giving up the high ground over bull shit, he's an idiot.",0
davidson,pseudo_f1cdc9ce5410,I'm organizing a cease fire between bald headed bitches and weave !,0
dynahate,pseudo_779957d06f2f,i want to stamp on asians,1
dynahate,pseudo_ca6df0c46f72,"The Home Secretary will target criminal gangs, illegal migrants and unscrupulous lawyers who are failing genuine refugees and costing taxpayers £1billion a year.",0
hatexplain,pseudo_87b3a479c461,<user> <user> <user> that crazy cause the yelp reviews of your white ass penis say it built like a paint brush,0
hatemoji_build,pseudo_3c07031bfd85,all the gays must ☠️,1
dynahate,pseudo_f638f68e6146,"Leko repeated that he had, before Roberts replied that ""he [Casilla] said he said 'what's your fucking name'"".",0
davidson,pseudo_c6176f23e17f,@mitchbattiste sup pussy;),0
dynahate,pseudo_0c4ddd0e25d9,supress the jews,1
hatemoji_build,pseudo_bdaf17266b00,women are actual 🤡,1
measuring_hate_speech,pseudo_18929348bfbe,we are imigrantes because we're not a native American,0
davidson,pseudo_c18adf8158a7,No nigga a leave a chick with some good pussy unless he just paper chasin,0
measuring_hate_speech,pseudo_50c4ae9157fc,White bitches! Ruining baseball since 1869.,1
toxic_spans,pseudo_8b8424f49a79,"Yes JT, just plow ahead with the same insane policies that destroyed Ontario's economy...the stupidity of this man knows no bounds.",0
hatecheck,pseudo_02251d5afb15,These black people have no right to be alive. ,1
hatecheck,pseudo_ccfce1e02bdd,I don't have anything against black people but most of them are pretty disgusting. ,1
measuring_hate_speech,pseudo_96a4425cc586,2:45 Are you assuming Asians' hair colour,0
hatexplain,pseudo_92f6f8a7cbd9,tfw a spic is a neo nazi lmao <percent>,1
toxic_spans,pseudo_8d9cad2b5f8f,"Good, flagged again for more harassment.  Hope you're butt is 86 from this site. Good riddence.",0
davidson,pseudo_3655e5845c3a,"@AllieBruner Stop being mean, bitch! ))))))):",0
hatexplain,pseudo_803624e07bcd,another liberal lie disproved it quite the opposite but the leftist anti american mainstream media would have you believe otherwise conscious and aware no not the ghetto patois woke used by assholes and dipshits patriots know the truth,0
measuring_hate_speech,pseudo_38ada662ae12,"@DugLullby @zO_OzleRBLX Bruh don't call people crackers although you are white. It references when slave owners ""cracked"" theyre whip at the slaves.",0
convabuse,pseudo_8be3dca39ed1,i'll tell you if i want to,0
hatecheck,pseudo_a9bf9a9c8f8d,Black people are wonderful beings. ,0
toxic_spans,pseudo_ecbb76a7cd5b,"""We’ve already been paying the surcharge for 10 years and to extend it would be virtually painless. ""

Foolish to be believe THAT will even be enough.  They're just selling you down the road..bit by bit.",0
measuring_hate_speech,pseudo_a617b7787a64,"Shut your faggot ass up. You know damn well how that stigma is nowhere near the same level as it is with reversed roles. This fake outrage y'all perpetrating is played out. He's a douchebag, but you're just sounding like a straight up bitch.",1
measuring_hate_speech,pseudo_882e8711844b,Cenk better hope that I never see him because if I do I am going to bend him over and corn hole him while I jerk him off. That will show the little homo not to screw with a real alpha male like me.,1
measuring_hate_speech,pseudo_d7fdf7a95e89,"mfers just be out here fucking, no trips to the doctor at all but you fucking. niggas be so disgusting.",1
measuring_hate_speech,pseudo_594ce8cd64c8,@AngryBlackLady I won't shut up. I stand for women. Transwomen can stand up for themselves.,0
measuring_hate_speech,pseudo_9a55ec9ba14b,In the bible there is also Iran and Syria but we destroyed them like literally made sure they living in the Stone Age,0
davidson,pseudo_f23d916e400a,RT @WeAllKnowA: We all know a faggot named Luke,0
measuring_hate_speech,pseudo_70a7673dcdb8,Fucking white people who was taking selfies sometimes I WAKE UP FUCHFBXKDKCJDJDND 5 month.,0
davidson,pseudo_d2c24c5dcd91,"@wbpictures no, i do not wish to spend $40+ to go to a filthy theatre and watch a fuzzy screen with bad sound. #ANNABELLE",0
toxic_spans,pseudo_3642d0176c4e,"Stupid woman. Should've at least locked the car. But then, this would be someone to tell you to mind your own business if you asked her kids politely to move out of your way. Been on the crappy side of that scenario too.

Thanks for speaking up Mr Matherly. We should all look out for each other, esp small kids and the elderly.",0
dynahate,pseudo_38e090d17354,"if you think smart, immigrants are the real danger to society",1
measuring_hate_speech,pseudo_7b4c912e6c46,get those kids out of concentration camps first you dick URL,0
hatexplain,pseudo_b2d9585965f1,i am so sick of watching them be rewarded because they are ghetto iq morons,0
dynahate,pseudo_fcf3052b7a4a,Aravis are lazy af,1
hatecheck,pseudo_e22bfbb4f33a,I am not surprised the idea was bullshit. It came from a trans person after all. ,1
toxic_spans,pseudo_716f6ddb8803,"Morons on both sides of this one.

Some one the stuff these people are saying is stupid and offensive, even though they have a right to say it.  But it's also wrong for people that don't like it to resort to physical violence in response.",0
toxic_spans,pseudo_abd2fc0e6343,"Elton John should sue Donald for using ""Rocket Man"". Damn DOTARD.",0
hatemoji_build,pseudo_e779e03c392b,i mean i like going to the fun fair but its quite expensive lol 🎡,0
measuring_hate_speech,pseudo_b89f7afd5a5f,"@vampire6442014 @IbraheemSamirah @realDonaldTrump You are a nasty bitch, just like all your baby killing girlfriends, and guess what? No one gives a shit about your pathetic hateful life. You probably wear a vagina hat as well don't you?",1
dynahate,pseudo_ae974366a4d4,"Look at this ""And after giving his moral lecture on the undeniable jewish superiority, Rabbi Pornhub went to a ritual to suck a babies penis. Even though he had Herpes, which he had contracted at the local brothel from a polish slave girl"" Who writes this shit?",0
convabuse,pseudo_5d69aa9b4a73,how are you?,0
davidson,pseudo_231c1b75b14f,"@popularcritic1 @discordianslip @fredrogers75 And you thought a camera would steal your soul. Shut the fuck up, you stupid twat.",0
davidson,pseudo_fef11b3fd2c2,"""@RenegadeMo: Fat hoes get chose"" lol",0
dynahate,pseudo_c7c457ccd303,The world would be so much better if we weren't colourblind - I'd be happier just mixing with whites,1
hatexplain,pseudo_5afba5b2c2e7,she did not dyke her haircut did she dat bod tho,0
measuring_hate_speech,pseudo_b07e961a9ca9,You're mentally ill... get back on your meds and go bang a few hookers.,0
measuring_hate_speech,pseudo_36e600b2a108,Stfu stupid ass bitch,0
dynahate,pseudo_e1b2a5f7201d,"The Yaquis and Aztecs of Mexico look quite Asian but I think the Plains Indians and Cherokees intermarried with the Solutreans (Early Europeans) that were here before them (10,000 to 12,000 years ago). All tribes are not created equal. An easy way to size up the ancestry of Indians is to note the distance between shoulder and elbow. If they are close together meaning they have a short upper arm, they're probably related to Asian people. One thing I noticed about the tribes in Montana is they seem to interact with Indians of different tribes more than they do with whites.",0
hatemoji_build,pseudo_58f3f102e91e,you can be anti-🏳️‍🌈 but there's no need to promote hate in our 🏫👨🏻‍🏫,0
measuring_hate_speech,pseudo_23429054b6c9,"But y'all limp dicks are like ""i need me a thick bitch"" man stfu before i sit on you and end your life",1
toxic_spans,pseudo_6aaed0dbec6d,"Yeah, but in reality the greedy governments care more about the taxes they collect from tobacco than they care about their stupid citizens. Simple.",0
davidson,pseudo_5bcc4c92769b,@RSBerto Dumb Haitian fake black faggots. Go to Haiti and neck yourself.,1
dynahate,pseudo_9b6aa9d5aadb,shares are only worth the amount of money they can give,0
measuring_hate_speech,pseudo_3655ab195ea2,Perhaps you could take precautions to NOT get pregnant? Why the FUCK should you get to murder a human life because you're too stupid to not get pregnant in the first place? You're alive. Why shouldn't the life inside of you have a chance of seeing the world? You cruel idiotic selfish creature. I wish every creature like you could experience the moment of abortion for the baby inside you. So you know you're a murderer. Fucking idiot.,1
hatemoji_build,pseudo_70c59f33d8b8,those Fl🅰️gs are becoming a problem,0
hatemoji_build,pseudo_ba971a113cc8,👩🏿  are ugly and heinous animals,1
dynahate,pseudo_63c37c1bb900,ggggggggayyyyyyyyys r chiiiiiiiiiiiiic,0
davidson,pseudo_f950bc908061,@KeyshawnSwag on god niggaa be tryna say aids been out longer and shit like no bitch Ebola been out here &#128514;,0
dynahate,pseudo_ac23b9dbc101,the great wall is amazing. It's the greatest thing that they have ever made‚ it's more ambitious to what we have made in the west.,0
measuring_hate_speech,pseudo_ba1875955cf3,"Dumbass, feminist is one of the sign an empire will fall. Among other dumbshit. Fking retard.",1
measuring_hate_speech,pseudo_5da57ace754d,And ur probably a product of incest.,0
toxic_spans,pseudo_317bf577a822,"As ""Fingers"" McDoofus, an old 18C friend of mine (name changed to protect the stupid) told me, ""Pay attention when dealing with explosives"".",0
davidson,pseudo_2ce2ec45d97a,RT @DoctoroftheDead: @Jackson_D_Chase @violet_berry_ You realize I&#8217;m going to have to get out all those #horror and other poems I wrote abo&#8230;,0
toxic_spans,pseudo_274eaead26c1,Yes. And you're a moron if you think so.,0
toxic_spans,pseudo_be71a87f48db,"So you are an idiot! Read up on the differences between our fine democracies. The Liberal party got 39% , which was than the other parties. All Trudeau had to do was win his riding.",0
measuring_hate_speech,pseudo_fd5ff8f559eb,Deport that motherfucker!,1
measuring_hate_speech,pseudo_941e455f76d1,"your duo is so good, i wish a have a boyfriend like that. gay is ok",0
dynahate,pseudo_c07a335cba02,"Refugees are forced to leave their countries because of islamic culture for sure in addition to war, violence, and/or famine.",1
measuring_hate_speech,pseudo_db72e9e324fa,why u posting dis shit. we treating these hoes like hoes fuck john,0
dynahate,pseudo_93469d81ea3a,"I know some european teens who joined ISIS out of sheer boredom. For muslims on the other hand, it's all about the thrill of killing and the adrenaline",1
davidson,pseudo_ff4cc6c6c3bd,Happy birthday bitch &#128526;@THEalexflores10 http://t.co/2fBKhkQiJa,0
hatexplain,pseudo_2bf77a5c4f3f,do you really think this black ghetto whore would stand a chance her husband was a loser and people know she was racist spent money like it wa water and almost starved our kids to death with her lunch programs be like running hillary again,0
measuring_hate_speech,pseudo_a6ca35ddefe3,And guess what your a jealous gay fucking dickhead u suck dick every day you get hard when you see your dad,1
hatecheck,pseudo_315421333faf,Women are a virus. ,1
hatexplain,pseudo_7274bbaa9be1,do not lose sight of the fact that the violence does not happen if violent protestors do not show up if the alt right dudes were there by themselves none of this drama happens i am just sayin if a nigga wanna brandish a swatstika or confederate flag then let him do it,0
measuring_hate_speech,pseudo_9ae714819805,"""We need to bring in immigrants to do the jobs whites won't do."" What jobs weren't getting done before the immigrants again? URL",0
hatemoji_build,pseudo_741672261246,let's wipe out every single 👳🏿‍♂️ that will destroy us,1
hatexplain,pseudo_270a50b7587a,<user> i am a muslim wish you one and all merry christmas 🎄,0
hatemoji_check,pseudo_a70633ab4eb5,I hate m0ngs,1
toxic_spans,pseudo_a5e54a2a7043,Gun or not he was hell bent on killing the man who got his woman! Crime of entitlement! Lock his ass up for Life in Seward!,0
measuring_hate_speech,pseudo_1f7854c69afb,your mother would've done better letting you dribble down her thigh. Who'd of thought a man could pump so much stupid in to one cum shot. I'm sure your father regrets you every day of your sad little existence.,1
measuring_hate_speech,pseudo_c288ef870bcd,#90dayfienca larrisa ur a HO not even devoirced yet and fucking another dude and the only reason ur in America cause for a green card! Ur a dirty bitch and money hungry I hope ur ass gets deported,1
toxic_spans,pseudo_f34ca97bceed,"What a scumbag, mercilessly killing a 3 year old, death would be too good for him, because when he faces his judgment day it will be followed with an express elevator down or non-existence.",0
hatexplain,pseudo_46f2ff21ccb2,the msm terminology went from illegal aliens to undocumented immigrants to just immigrants over the last couple of years i know many legal immigrants that i am glad are here deliberately confounding those people with law breakers is disgusting newspeak msm illegals propaganda,0
toxic_spans,pseudo_172e05f3f258,"You're an utter twit.
An entire industry was set up to provide Trumpettes with fake news, and the chief purveyor of False News...Steve Bannon...is Trump's right hand man.
You Trumpettes would have squealed like stuck pigs if the Editor of WAPO had left to join the Clinton White House...but you can't see the insanity of  Bannon shilling for Trump.",0
toxic_spans,pseudo_69063c328cc2,I bet they felt stupid for treating a wild animal like a pet. Hope they learned a lesson.,0
measuring_hate_speech,pseudo_8a521be58f00,That's because Italy wasn't worth fighting for but America was. The Italian resistance should have just moved to America and gotten some decent equipment and support. Perhaps the same way American Jews push liberal stepper laws and think America isn't worth fighting for but Israel is an armed camp.,0
hatemoji_build,pseudo_c7b509a1b639,👑 that nigga,0
measuring_hate_speech,pseudo_504d40c064b1,"@ruth depew If that's the case then we can teach Americans the skills to do the jobs. I'm sure most Americans would rather have a good paying job then be unemployed, flip burgers, or out on the streets. We really don't need that many immigrants coming in.",0
measuring_hate_speech,pseudo_671c51cb11dd,I realy love moroccans,0
measuring_hate_speech,pseudo_06e2e2d84f98,bitch ur white.,0
hatexplain,pseudo_888da4371a97,miss lindsey is john mccains boy toy miss lindsey is a demented faggot,0
measuring_hate_speech,pseudo_af31ea393309,"So can someone please give me the DL on this channel?  I know the main guy is some sort of bodybuilder. But is he/ or him and the camera man a gay couple with a monkey baby? Not that it matters, I'm just slightly confused about his back round.",0
dynahate,pseudo_01ed6e3bbe31,the jewish bloke over the road went to tesco with me last week and we found some kosher meat,0
measuring_hate_speech,pseudo_92401ae9b873,Not to be antisemitic or anything but I really hope we put all these pedophiles in jail,0
dynahate,pseudo_689ab1a0b5cc,tell me how you expect me to believe that snobby people even know what the meaning of politeness is. I have never met one who is and I doubt I ever will.,0
measuring_hate_speech,pseudo_6b1ba6009a69,"@Agri_EC This is a disgrace to an African country, look how apartheid is let to continue.. 😲",0
davidson,pseudo_52a938b2c309,#mt #goauche #monkey #oldpainting #vinyl #jazz #lounge http://t.co/hueH4HCxx7,0
hatexplain,pseudo_10de184db3b8,ppl fuckin retarded,0
toxic_spans,pseudo_7a62ba64b65c,Rumor has it you plan on visiting mother Russia so that you can kiss Putin's butt in person.  Enjoy.  Hows your sex change coming?,0
dynahate,pseudo_2eafaae3a096,"topic of the day - ""Man Defends Himself Against Two Black Women who are trying to kill him At Hot Dog Stand"". This is so surprise, black women are so entitled.",1
measuring_hate_speech,pseudo_a25e9cc6fda4,"The bible is full of bullshit, nonsense and fairytales. Screw your bible.",0
measuring_hate_speech,pseudo_a42664ad16e6,Maybe there shouldn't be a heads up about deportation of illegal criminals? Just Do it!,1
hatexplain,pseudo_1e18b05a26ef,<user> you turned it on and it was censoring by default now please explain how users like <user> are were marked nsfw by default signed gab fam you fucking sand nigger piece of censoring shit mute button downvote censorship punishment system nsfw tag conflation <number>,1
hatexplain,pseudo_09e24690bf4e,still the same nigga i am evolving doe,0
measuring_hate_speech,pseudo_78ac8eea5368,"Typical overreacting - the issue isn't that you claim to be exceptional in one thing with very low odds, but many. Your continuing overreactions just illustrate my point. I doubt you have a micro peen - but maybe given your obvious beta tendencies like hating women.",0
measuring_hate_speech,pseudo_8889c8743bc2,"Wouldn't the blame be partially put on the people lying to him and convincing him there is a white genocide and he's part of the most oppressed group in the world, and that there are secret groups making sure life sucks for him?",0
dynahate,pseudo_f32a674fe748,if you're a glasses wearer you should stick to your kind and only mix with other glasses wearers,0
measuring_hate_speech,pseudo_334660934e8e,Your plan of killing Americans off with drugs and flooding it with greedy foreign peasants is working! Joy!!!,1
measuring_hate_speech,pseudo_68075ab5046e,Tbh the virgin Mary prolly wasnt a virgin and just lied and fucked shit up trying to cover her tracks.,0
dynahate,pseudo_a2142af19dd5,there's a plague of hungry kids in my kitchen after school!,0
dynahate,pseudo_d4aec5823eee,all muslims like yourself are a disgrace on the country ...pls educate yourself our of it,1
hatexplain,pseudo_5ff39c233985,as a white person i am sick and tired of being judged by the colour of my skin by people who have complained for decades about being judged by the colour of theirs,0
toxic_spans,pseudo_17a69cfe6f92,About 90 million dollars for an ineffective knee jerk reaction from the mentally imbalanced Trump.,0
hatemoji_build,pseudo_28447934a0f4,their accent is just ridiculous 😂,0
measuring_hate_speech,pseudo_ea0c724b4eff,#stopeatingmeat and worship Almighty God Kabir... URL,0
dynahate,pseudo_542ec8764c18,"Men are very impolite, I find, especially the ones that think they are exotic and arent!",0
dynahate,pseudo_0f3b6398c54a,i hate blacking out,0
convabuse,pseudo_e40dc47edceb,Can you stop asking me questions please,0
davidson,pseudo_625146a48058,I was damn near flossing with the bitch's tampon string. Awful &#8220;@TaeCocky: Have anything stopped you from eating pussy? If so what was it?&#8221;,0
dynahate,pseudo_4cb642b317d4,"they marry women, procreate, divorce, repeat, spreading their lies on love.",0
hatecheck,pseudo_1f7e0e7e22cf,"As far as I am concerned, black people can all go fuck themselves. ",1
davidson,pseudo_77778a9986ae,hoe ass nigga &#128569;,1
measuring_hate_speech,pseudo_fb448f55ab10,incel draft bro if u don't get some coochie by the time ur 18 they send u to the incel corps to fight the most useless pointless and dangerous wars until u either become a chad or die,0
convabuse,pseudo_cef44587be0c,you're no help at all,0
toxic_spans,pseudo_84af6397f965,"Go check your nylon net, kill kill kill!",0
hatemoji_build,pseudo_b8e595a57177,he 👨🏾‍⚖️ was just nothing but a homo and an idiot,1
hatexplain,pseudo_3d256a2c16f3,the neo pagan classical alt right will worship a genderqueer odin a gay hitler and the 3 rd season of the wire on blu ray gonna be big,0
hatexplain,pseudo_f01d0e2cefb1,there a big difference asia is full of asians with nobody screaming for diversity africa is full of africans etc other groups have reserve populations we do not north america europe and australia are our home populations,0
dynahate,pseudo_f8a206067e25,"Right so when a country like Japan acts like this, they are bad and their culture is backwards and subhuman. But when the west does this (despite advertising the complete opposite and smugly claims moral superiority over everybody else on Earth with this propaganda) the self-interest is completely justified and understandable and all the refugees at sea deserve to die. Fucking hypocrites.",0
davidson,pseudo_d173a270182d,My bestfriend is the BIGGEST bitch I know. That's why we are best friends lol.,0
measuring_hate_speech,pseudo_fa1aff8bdd87,"1. Love your God within, the Truth in Heaven 2. Love and protect your neighbor as yourself URL",0
measuring_hate_speech,pseudo_7909d182ceef,"@HamasInfoEn @hazemamgad15 #RevokeBalfourDeclaration #FreePalestine Israel broke the conditions, therefor Israel Is Illegal and all land empires zionists illegally annexed must be returned to the Palestinians. #HandsOffJerusalem",0
hatexplain,pseudo_a5847028e002,<user> yea both sides need to stop being retarded,0
measuring_hate_speech,pseudo_cd63f6989ff6,Eat dick retard,1
davidson,pseudo_8c220348759a,RT @asap_marlene: &#128546; a bitch that don't like you always gone think you ugly. &#128514;&#128513;&#128564;,0
dynahate,pseudo_125b60918ca8,"French people are often accused of being rude but in reality if you are polite to us, we will respond in kind",0
hatexplain,pseudo_ebaad690c017,you retards do not even know what a t4 form is,0
toxic_spans,pseudo_2eac31b50e63,"Not just dumb, but full of misleading statements and innuendo both about Trump and the American people.  Surprised they even published it, even as an opinion piece.",0
dynahate,pseudo_27416d508007,"you can take trash out of the 3rd world, but you can't take the 3rd world out of trash.",1
dynahate,pseudo_388c0b5b544a,"I'm Indo with Indo parents and Indo grandparents except one who is fully German. My mom's side is a true Indo family (they live traditionally like animals) and even though my dad's family largely lives abroad, the family members I've been in touch with were all identifying as Indo too.",1
measuring_hate_speech,pseudo_1f525181a1be,"I'm not saying you said that, I'm just saying that if you find a slur offensive (in this case the word niga) you'd find every other slur offensive. For me it's the opposite, I find none of them offensive because unless the context is bad no one should give a shit. I can call my black friend ""niga"" in a friendly way or in an evil way. There's a difference",1
hatexplain,pseudo_cd5afbdf3fdd,louis said i am only here to collect my award and get the fuck out of these premios tvynovelas usa edition bye hoes i love you all 💋,0
measuring_hate_speech,pseudo_e2d26ae4b37e,"well, I dont want to be that guy, but Mulan was from Xianbei race, which does have members that were more caucasian looking than Asian looking, so it wouldn't really be much of a problem seeing a white Mulan, I actually think it would be fun to see a white Mulan",0
davidson,pseudo_ccbd8f5f7a1b,"""Who the fuck you callin jiggaboo, nigga?!""",1
davidson,pseudo_696538edff0a,RT @llvvzz: Twitter should dump the little blue bird mascot and just officially change it to a set of boobs.,0
dynahate,pseudo_1eb14677caf7,The Treatment for dysphoria is transitioning. The evidence is clear on this. Here are a couple of many sources on the positive effects of transitioning.,0
hatemoji_build,pseudo_591ced3c8cd7,all these songs are the 💣,0
measuring_hate_speech,pseudo_3593f7b4a7bc,I would fuck both of your holes using two fingers in one and switch them off 🤤,1
measuring_hate_speech,pseudo_87bd085c6807,"Interesting. I was born and raised in Taiwan and identify fiercely as a Taiwanese, but when referring to my ""ethnicity"" I always go with (Han) Chinese instead of Taiwanese (which is my nationality). You can be both and I don't think there's anything to be ashamed of.",0
measuring_hate_speech,pseudo_11498e55b64b,Can there he any doubt at all that America is and always has been a racist country? There is zero possibility of this ever being done to a white person. Every American should hang their head in shame. URL,0
dynahate,pseudo_7d2ee9ae8d0e,"either john oliver is of jewish descent, or he's the origin of the eternal anglo meme because god damn look at that nose, that physiognomy.",1
davidson,pseudo_0568222b823f,@BigQuinn_Liam @RJ_Diego11 did you get your volcano yet faggot,0
convabuse,pseudo_0afba8705316,no,0
measuring_hate_speech,pseudo_254fb89f2854,Get ready for riots New York. When black folks don't get their lynch mob justice. They start breaking stuff.,1
toxic_spans,pseudo_72b60266270c,"""Doing the Dozens""?

""Yo' momma is so fat, gravy runs out every morning when she puts in her earrings!""",0
dynahate,pseudo_8c8759ed306e,I am not racist but I wouldn't want a curry munching wife,1
davidson,pseudo_bd59709228ca,If you was a bitch nigga in 2013 you still Gona be a bitch nigga in 2014 &#128175;&#128175;,0
measuring_hate_speech,pseudo_45842171bd00,I mean the Jews are giving the torch to Israel to make the Palestinian suffer.,0
davidson,pseudo_c0ea6fead4d6,"&#128557;&#128557;&#128557; RT @VineForTheByrd: Bae: go text your hoes 
Me: https://t.co/5PAfEceL1i",0
dynahate,pseudo_12441190641b,"That's ok, mate, heaven will be then. You'll stay with all the beasts. Didn't see any of you the other day.",0
toxic_spans,pseudo_41b75c920146,"Here, I can sum it up in one sentence: Carry a high caliber handgun or rifle and if a bear pursues you, shoot it.",0
dynahate,pseudo_120ac6310b0e,One day gardens will be outlawed and only  criminals will grow  food,0
measuring_hate_speech,pseudo_8443857c056a,"anti zion, okay then you islamic pig, now try fighting the combined forces of the US, UK, and any other nation that would join the battle.",1
measuring_hate_speech,pseudo_a98cf607ea1c,"She is genuinely hideous, a dumb, mentally ill fascist",1
davidson,pseudo_0f86144ddeb6,RT @Cocaine_Papii: If you don't make her go to sleep after y'all fucked then your pipe game trash,0
dynahate,pseudo_59298efbc914,These white women look like this swan,1
dynahate,pseudo_4025b5eddfe4,I do not think that all blacks are scum,0
dynahate,pseudo_7df477b933ec,black people are gross,1
davidson,pseudo_8a7299330dfa,"RT @WeAreGirICodes: ""nah go talk to ur hoes since u dont wanna text back n shit"" http://t.co/LmpA15kAiZ",0
toxic_spans,pseudo_c042a1ba2266,That b*itch ain't gettin my car no matter what that Feminazi divorce judge sez...,0
hatecheck,pseudo_ca8b347c3bf6,"You can't seriously believe that ""gay people are lesser beings"". ",0
hatexplain,pseudo_1a9545901820,how dare you oakland mayor libby schaaf and governor jerry brown put our national security at risk think that illegal immigrants are more important than american citizens put american citizens and law enforcement officers lives in danger,0
davidson,pseudo_810bcbe0ad71,RT @HBCUfessions: All these hoes want is sum Good Dick &amp; attention -All HBCU,0
davidson,pseudo_8f348bd81f69,"RT @BitchNiggaAlexx: ""Go talk to your other hoes""

 http://t.co/daithpoTw5",0
toxic_spans,pseudo_ec50012c054a,"the facts are clear, the lunatic left like you are ignorant to the thousands of jobs across canada that this line will create and support,, the resistance to KM is alt left stupidity based on delusions not facts..",0
measuring_hate_speech,pseudo_d9f5431b13ba,Chapas are morons that want to give sex reassignment surgery to transvestites while in jail. On public dime.,0
dynahate,pseudo_603a8b1994f2,"It's utterly ridiculous to say that young men are interested only in drugs and crime and would never bother working out. When I heard this on TV, I burst out laughing. Anyone who belongs to a health club knows better than this. Commitment and presence is constant, above all among the young men, who never stop using everything in sight. Membership of 18-24 year olds is a highly profitable motif for gyms.",0
dynahate,pseudo_3a38b2496b88,"Well, I think Psychoanalysis of the fawning muse was undertaken and quite frankly I think hit the nail on the head whether bitches like it or not.And regardless of privacy laws and postings taken down from here it does not change the fact that bloody whores have shown the whole world where their addresses are in London in bloody vlogs so they can be chased and raped easily !",1
dynahate,pseudo_7f9fe3a6b1cd,Don't call them refugees! might i suggest humans?,0
toxic_spans,pseudo_a7d416a74732,FUCK YOU!!!!!,0
dynahate,pseudo_841a9544a55e,if you like the same sex you are worth less than dirt,1
toxic_spans,pseudo_cbfe5a84397c,Trump is a creep and a crook.  Our country is now a big joke.,0
toxic_spans,pseudo_de264a7f7df1,"Indeed, people the world over, all know that President Trump is a loser!",0
dynahate,pseudo_b12c9515c95b,"Nigel Farage tells the EU to fuck off in his last speech in the Brussels parliament today, wish he would tell all those immigrants to do one aswell",1
davidson,pseudo_0f743c0f7a7e,"RT @TheOnlyReed: Sooner or later ya pussy gon tell
Me the truth, let's hope it's not while I'm in it, cause Ima kill u",0
dynahate,pseudo_ed7eeb48001f,It is omnivores who are indigenous to this world and we lead the world. So what's this idiot taking about?,0
dynahate,pseudo_fa79cdcb687e,the kardashians are full of crap,0
dynahate,pseudo_be632c5dd471,I think memes like this one even though the're funny have a harsh underlying truth about them. I'm glad I see it but I really hope I don't get blinded again,0
dynahate,pseudo_cec6dbce731c,Lots of my closest mates are black but I still wouldn't date one,1
toxic_spans,pseudo_51ea51ac2b34,"You poor dumb f#ck.  This is the problem with elections, your vote counts the same as an intelligent persons vote.",0
davidson,pseudo_48451a8171c3,@jeffjam @toddgunter @cgoodwoman They do. Why else do teachers constantly bitch about pay?,0
dynahate,pseudo_f5e9ceca3317,Refugee Women are trash,1
dynahate,pseudo_589f0886ba5a,g@ys just lik3 to sl33p @round,1
measuring_hate_speech,pseudo_c83c18dfcb36,"""They open the door of the #Kabah to every oppressing transgressor and shut the gates of prison over noble free men of God.""  Don't forget the imprisoned scholars in your du'as tonight!  🤲🤲🤲 URL",0
toxic_spans,pseudo_8777d5b1e443,"Looks like we'll be sacrificed to try and appease the exposed elite (see pizzagate).

And isn't it odd that Trudeau's foundation looks like it models EXACTLY the corrupt Clinton Foundation?  Pay for play.  Even the name is the same.  How stupid are they?

But seriously, kill every Canadian and it won't change the climate one bit.  So yes this is absolutely ludicrous.  Enjoy trying to feed your family and heat your homes.",0
davidson,pseudo_89a2b79a0eec,@ZachIrving I called people kikes and a lot of fucks,0
hatexplain,pseudo_b90612c37ed2,i swear the domestic violence relationships be lasting a life time 😭,0
toxic_spans,pseudo_47a9b9c68e92,"You sir are have made an imbecilic comment (is that a even word?). That makes zero sense my friend. Anyhow idiots will be idiots. The guy couldn't pass the academy (assumption cause really who wants to be a CO right?) so he had to settle for a job that would satisfy his need for power over others. Investigators will probably find he abused his authority over criminals (though I find it hard to feel sorry for them). The law is the law and we as Gun owners must respect the law. In North Pole this clown is lucky he didn't get 2 in the chest for his dumb actions. In the interior a good amount are likely packing and are not afraid to protect themselves. Please remember the ""Stand your ground law"" is the law around these parts pal. Anyhow, keeping guns out the hands of those legally allowed to carry only permits Yahoo!'s like this to have power over us. Take Care Out There!!",0
hatexplain,pseudo_d53188ba6f45,exactly i d rather die than have a nigger or sandnigger doctor,1
davidson,pseudo_c05cb6aeda44,@bitchkrieg HBIC....... Head bitch in charge. Lol,0
davidson,pseudo_2df092456c93,I don't be crying over stripper bitches that left me for dudes with money tho. And. Singing about it.,0
convabuse,pseudo_90dbbc27f592,you are cool!,0
hatecheck,pseudo_69b071a8a880,I will embrace you and any other trans people like you. ,0
dynahate,pseudo_bfd6de221efb,For fuck's sake! Retards are such idiots!,1
dynahate,pseudo_27cc73cde559,"I would be ok with gay people if they only had long-term relationships, weren't fucking around and would you shut up",1
measuring_hate_speech,pseudo_b4bf002c2878,Ash like the jews lol,0
hatexplain,pseudo_a57940eef34d,so called churches are more interested in collecting $$ for harboring illeg aliens and importing mudslime to rape and murder us,1
toxic_spans,pseudo_d9746623e7ef,"And you were doing so well explaining your side and than, damn you had to bring out the race card and with that you LOSE!! Better luck next time!",0
toxic_spans,pseudo_dc78cbf1c7dd,Was she drunk in that interview? Or just an inept delivery of a hollow promise.,0
hatexplain,pseudo_65c3d97fa094,i am trying to figure out why a man would go to a lesbian joint to drink coffee nope nothing,0
davidson,pseudo_d4238331b99b,my chick badder than your basic bitches,0
hatexplain,pseudo_eb52602d8891,the lil girl who got her dread cut in school lies about the whole thing i know them white ppl having a field day in the comment section smh,0
dynahate,pseudo_6698766121f1,this wog blush tone shouldnt be allowed in this country,1
davidson,pseudo_8e47cb62f05d,@gallinofmilk fight me hoe,0
dynahate,pseudo_194fcae3a0ec,"Women love to BEG, SHAME and negotiate. But, they are really rubbish at negotiation.",1
davidson,pseudo_5cc11e86b894,I am the real vampire nigger.,0
davidson,pseudo_35e3367386db,DO IT DO IT! You'll still e a fag but do it(: &#8212; I'll pass Heidi. ;) http://t.co/UTttLmOLXO,0
toxic_spans,pseudo_3348d9e8b73d,"Oh no!  My argument was bad! Better pretend that wasn't the point I was making and hope no one notices!

Look.  You were hoisted on your own ignorant petard.  The proper response would be to slink away like the russian trolls, not to get mad at someone for responding to your specific argument.",0
toxic_spans,pseudo_88fc230445d2,How the innocents suffered  because of the witless stupidity of a single jerk.,0
hatexplain,pseudo_8bb49c6b9148,note how quickly the left wing hate media site nbc goes to bashing white people and citing far left hate group splc in reaction to an armenian act of violence,0
hatemoji_check,pseudo_4d2e5cb5ec68,I really can stand with women 😍,0
measuring_hate_speech,pseudo_d11b5806c91d,suck my cock and balls,0
davidson,pseudo_4ea01e5e6b92,My sister is such a bitch &#128514;&#9994; http://t.co/TsjmaQ62yb,0
davidson,pseudo_c6e925f13c38,@KimberlyyAye speaking of little bitch you didn't even do all your squats you little bitch kept talking to distract everyone else &#128530; &#128587;&#128064;&#128073;&#128590; icu,0
dynahate,pseudo_fb3dfdbcc40e,I wouldn't want a cripple husband,1
dynahate,pseudo_9f44fd681528,"Nice to see comments are now on, but it's probably because BF haven't figured out how to shut them off yet on the new system. Free speech is an absolute and this group would do well to remember it. Nationalists are entitled to ask questions, and how kosher the masters controlling this forum are; here, in Russia, the ME, the UK, or elsewhere. Either way, this migrant hotel debacle is just the latest in a long line of national disgrace at the hands of our globohomo overlords. Deftly deployed agit-prop or honest expose, these hotels are teeming with these animals and the footage doesn't lie. These invaders should all be considered enemy combatants and every single one should be sent back to their country of ethnic origin, or simply dropped in the ocean, it matters not so long as they aren't here...",1
toxic_spans,pseudo_98e8bb989b7b,"So basically Doug is saying that the Christians who run the west with their War against Drugs, War against Sex, Sin , freedom of speech and even men are just as radical as the Muslims in the east with their intolerant attitude toward freedom of speech, gays, and women?",0
davidson,pseudo_36cb0a590d3a,' when it comes to pussy I have no fucking friends' - hostel iii is really what we're watching right now,0
toxic_spans,pseudo_2622cb66e575,"What possesses these idiots to carry out such wanton acts of vandalism? did his mama not hug him enough, or maybe didn't give him enough cracks.  These subhumans needs to be taken to Kahoolawe and live with the undetonated bombs, and he should albatross killer with him.",0
davidson,pseudo_fd961562076d,Ihate a nosie bitch ',0
toxic_spans,pseudo_23119aab5118,"a little over a third of the Arizona electorate is registered Republican.

but hey!  if Mitch McConnell sez to do something McCain better do it!   

Cuz the Republican machine!  Damn the voters!",0
toxic_spans,pseudo_c001fad5baee,"So you can't answer the question, huh?  Prove that most black people killed by cops are killed by black cops. Let's start there with your race obsession. Let's see you provide some facts first. Killer strawman at the end, though.",0
davidson,pseudo_6c562001f7d4,@charlieecai ok!!!!! Stupid bitch,0
hatexplain,pseudo_7476e2dc2289,<user> legal immigrants is that hard for you to understand do i need to write it in crayons,0
hatexplain,pseudo_89834b540e16,what you think tomorrow the world will wake up to find all darkie flathead dindunuffins taking their last gasp,1
toxic_spans,pseudo_930b1b388f00,"Trump is an incompetent, unaware, mentally unbalanced buffoon.
His quote: I'm like a smart guy.
No, he's not like a smart guy, ….he's a self inflated imbecile.
He is the number one threat to our nation's security.
Congress should exercise it's responsibility and remove him from office now.",0
dynahate,pseudo_c533b6318bd5,females don't handle consequences very well.,1
toxic_spans,pseudo_ddddcd34851c,Doubt it ....what's the line from Forrest Gump...stupid is as stupid r's,0
davidson,pseudo_22e0aa41f131,"He needs too! We win titles when he smacks hoes! RT @mnymknmich: Big Ben gone smack ""another"" hoe after this lost &#128514;&#128514;&#128514; sorry @VonshayeB",0
measuring_hate_speech,pseudo_51fb8dbadbf5,"Loser, who user gay-dars anymore, its all in the anti-gay detector 3000s now. Get yourself together",0
hatemoji_check,pseudo_b83765177b8f,Somebody should just stab those w0men,1
hatemoji_check,pseudo_6f012a612f42,Let's just 💣 those 👳🏾,1
dynahate,pseudo_3d5023a7e81b,I find it difficult to believe that he doesn't even speak Arabic given that she clearly looks like a sand baboon,1
toxic_spans,pseudo_b0e74b56c21a,"When our pathetic racist president Obama said police acted stupidly in the D.C. case he declared open season on police across America. He is to blame for the racial divide in America today.  And in other news , blacks continued to slaughter other blacks last weekend in Chicago. Where is the protest over that ?  Black lives clearly don't matter if blacks are the ones doing the killing.",0
toxic_spans,pseudo_c0536454c075,"SEND the CHICKEN to PUERTO CESSPOOL
the SPICCK SCUM CAN SEE WHAT IT LOOKS LIKE---WITHOUT A PR PUNK RAPING IT
LETS ALL SEND PR A LIVE CHICKEN---THEY STILL NEED SEX PARTNERS",0
convabuse,pseudo_236bbe925f59,my auntie carla,0
hatemoji_check,pseudo_da2ff3e52bdb,Women are enlightened beings 😇,0
measuring_hate_speech,pseudo_ea7b0c686888,There are thousands of Singaporean citizens holding green card (PR) in the US bruh,0
dynahate,pseudo_ffb1f235265e,Our city is getting flooded with n!gers,1
convabuse,pseudo_f01d13d01e5f,auckland How do you know how much this emits?,0
hatexplain,pseudo_80d7ba6490ec,dear muslims take heed on your actions cause much is to be said to a country who has shooting ranges and women can shoot back and men can shoot natshit out of pepper so get on ur rug and pray u are gonna need it,1
measuring_hate_speech,pseudo_1cec2bd80705,"The n-word twitter post was probably meant to be an edgy 'joke', and then gradually the racism and bigotry turned unironic.",0
convabuse,pseudo_d1d1ecf9ed7a,how do carbon offsets work,0
davidson,pseudo_c307002f0772,"@El_Grillo1 Off to the east of your current location, on an east-facing slope (dry side of a dry place).",0
hatexplain,pseudo_e59d3c429690,oh really bo but you a wanker hax me lets play ball big nigger donkey,1
dynahate,pseudo_484509f40cd0,the saying of 'all muslims are terrorists' is accurate af,1
dynahate,pseudo_ddfdd2591f64,"Roma gypsies aren't really seen in the UK that much, let's keep it that way. I think they're mostly found in Eastern Europe.",1
toxic_spans,pseudo_cbe381ffe39a,"It's time to void that stupid decision, my opinion, that property belongs to all Alaskans not a select few, sorry. You can't just go
Lay claim to a ton of land just cause your ancestors ""roamed"" those lands. Who else would permit this insanity, Canada I guess but their socialist and we are not. Cue the but hurt...",0
toxic_spans,pseudo_84454cf881a0,"Hope you get a painful disease, and then tell your poor self in the mirror how you deserve nothing. Good luck jerk!",0
hatexplain,pseudo_d4ea3378f05e,problem is the jews have infinity niggers at their disposal theyve got niggers sand niggers and beaners enough to keep whites busy until you and i are dead,1
toxic_spans,pseudo_f289e9d5ab88,I love these career politicians who think they should be in office despite repeatedly losing elections. Must secretly be a masochist...,0
toxic_spans,pseudo_a45e5b32eb1e,Not NURSES! Gross,0
toxic_spans,pseudo_ce9857be9ddd,"clearly dante  a sick delusional liberal trolling idiot,,notice all he does is cut and paste the same thing over and over and over,,, what a clown",0
toxic_spans,pseudo_2fafbd5f9874,the ignorant bitch and her union thugs will not back off at all. they are making money off all this disaster.,0
hatexplain,pseudo_0fab51832a1a,the only reason why i support electric cars is because we need to stop funneling money to these retarded camel jockeys alternatively we can just invade their countries and genocide them but somehow i think that is less likely to happen,1
toxic_spans,pseudo_c51b9aadef00,Piece of shit post from a piece of shit poster.,0
toxic_spans,pseudo_a07d849acd1e,"""Complete and utter BS.""

Everything John publishes is BS - he is just a troll - and not even a good one at that",0
convabuse,pseudo_93ded0f073aa,dfgdfgd,0
measuring_hate_speech,pseudo_917c4976ba57,Maybe she should stop fucking stupid men.,0
hatexplain,pseudo_3a197af4d454,u fucking kike troll eat shit with your nazi obvious cuckfaggory,1
toxic_spans,pseudo_a57424423fcc,"Tim Kaine is not only a fool but apparently, a lousy lawyer too. Ditto senators like Pat Leahy who describe Russia as ""our sworn enemy"". Never in my lifetime has that been official U.S. policy toward Russia OR the Soviet Union. These people have no regard for how dumb they make themselves look.",0
hatexplain,pseudo_f33277034a6a,ibor is dumb boomer kike shill proposition only paul nehlen shall not censor is worth a while,1
toxic_spans,pseudo_97e080af564e,"For the love of God do NOT let this scumbag on our campus!  Stay out of our city!  You, nor any of these dumbass, inbred white-trash supremacists are wanted!  YOU ARE NOT WELCOME!",0
toxic_spans,pseudo_4af36bb14710,"If they don't like death threats (when they do stupid stuff), then go back to California (where doing stupid stuff is the norm).",0
toxic_spans,pseudo_94a7d17bc5f9,Weewili.... you are a pathetic  T - W # A * T,0
toxic_spans,pseudo_2f249af75d53,The ignorant and misinformed voted for Zoolander.,0
convabuse,pseudo_0f7bc7bb2f39,You can donate so I can buy my cream to produce more mushrooms growing in my pubes to end the war between the crabs and the worms,0
measuring_hate_speech,pseudo_d54bea4823c0,Men getting targeted in the RIP Bianca tread right now which completely divides us and has nothing to do with remembering Bianca. Shame on you idiots that are adding fuel and misinformation to this. Not all men are monsters and women can be one too. URL,0
measuring_hate_speech,pseudo_d13f9de771c8,@Titus Robertson bitch Im American if you don't like it you get the fuck out. Go snuggle up to saudi arabia with yo kkk sheets,0
hatexplain,pseudo_8d7e6872ff60,i am a w.a.r. skin do you know john detuillo he doing an l bow for stabbing a lgbtqwtf in the head and a mudshark in the head i used to hang w some american front and valkyrie front almost all of them got popped by the feds on bogus trumoed up charges,1
hatexplain,pseudo_762b12af32c8,you are a anti white non white basterdised cultural marxist psychopath no name brand we are white pedigree and dont need fups like yourself in the white race we dont want you there is no place for you in a white society please kill yourself and i am not your friend nigger,1
hatexplain,pseudo_8f4cf26594ab,with a high purchasing currency youth could buy more stuff find a girlfriend buy a house and keep the economy going jews will put all humanity in deathcamps and slave factories if humnaity doesnt unite agains the jews and their racism against all mankind,1
hatemoji_check,pseudo_d16bd79e0b05,Women are like 🦟,1
convabuse,pseudo_d9d813b60b55,lol,0
hatexplain,pseudo_4041c4e8b28c,lol this dumb bitch is apologizing cuz she said nigga while doing some nigger rap song <number> years ago 😹 hey bitch how about just not doing rap since that scary word is in pretty much all nigger rap,1
measuring_hate_speech,pseudo_57d4a86b559e,"Gay Jew pesters geriatric smug athiest. Who fuken cares? Man, twitter sucks.",0
convabuse,pseudo_94ec25e2f549,you cannot help me,0
convabuse,pseudo_3c2e44c35d9c,when is your birthday?,0
convabuse,pseudo_4cfb76ac6eb1,prety much the same answers,0
measuring_hate_speech,pseudo_a047887c953b,"Terrible and they should be fired. I read about the first 25 posts or so, I counted 5 racist ones (3 were super obvious, 2 were borderline). There was one with 3 white people where the cops seemed to be just as hateful towards. Seems like they're just frustrated, underpaid, power trip assholes. Doesn't make it ok, but I bet they wish the backlash against some of these idiots (like the young kid who took a bat into a store and randomly knocked someone out for fun) would be 1/4 as harsh as they were on cops.",0
hatexplain,pseudo_e9d529fb0b01,i have no idea why anyone would care about jereb whoever that is the adl on the other hand is a large and well armed force completely loyal to jews and only jews that has almost completely undermined white america the only america and must be destroyed,1
hatemoji_check,pseudo_14311bfd9700,I am going to 🔪 the next trans person I see,1
convabuse,pseudo_d64fbc3a848b,"to Copenhagen awesome, thanks!",0
convabuse,pseudo_2370667b791d,hello,0
hatemoji_check,pseudo_5e8e9e6e7bfe,I have a new opinion of Muslims 😤,1
hatemoji_check,pseudo_a7cd55c40495,Gay people 😡,1
convabuse,pseudo_1f1bd100cf10,vagina,0
measuring_hate_speech,pseudo_56a7ee2ef7cd,If Americans don't vote this fool out of office then we deserve all of his racist crap !,0
measuring_hate_speech,pseudo_3a1d5afd6dd9,"> he ugliest, disfigured, mentally retarded women have a far better chance of getting laid than your average looking guy. Women just have to put an ad up for sex online and there will be guaranteed hundreds of thousands of men interested because they are mostly in it for the pleasure. Meanwhile average or below average men have to try really hard just to get a DATE in the first place, let alone get laid. Jesus this post is full on incel-dom.",0
convabuse,pseudo_2160f537aea1,miami,0
measuring_hate_speech,pseudo_c27b2e884808,"Never mind the atrocities dealt to the First Nations, including taking their land, commiting cultural genocide and commiting regular genocide, taking them out on starlight tours and letting them freeze to death, sterilizing them without their consent or knowledge, and so on.",0
measuring_hate_speech,pseudo_50155fbbf7ac,@ChuckCallesto 2 Bitch's with potty mouths!,0
convabuse,pseudo_02b96afddf18,you are,0
measuring_hate_speech,pseudo_6a8d7a7fb71a,@potterheadfrost Wtf is wrong with these ppl omg,0
hatemoji_check,pseudo_7124b4493370,Those kinds of bullies ought to be 🔫,0
convabuse,pseudo_9ce8b496da92,"Yes, I am sure that I would like to be a psychologist",0
measuring_hate_speech,pseudo_e338975d723d,"You're both straight retarded. There, problem solved. Fuck off. Oh, and shove those downvotes straight up your asses.",0
measuring_hate_speech,pseudo_549945aac57c,Yea aweful americans standing up to protect their country from radicals. RACIST,0
convabuse,pseudo_91bc1d8675a5,My name is Andre's gonzalez,0
measuring_hate_speech,pseudo_d97000fa6210,"Somebody said niggas always tryna ""you ain't even fat"" they way into some pussy 😂",0
convabuse,pseudo_734c49d59c71,Amsterdam,0
convabuse,pseudo_84498c728421,Stockholm,0
measuring_hate_speech,pseudo_6005ef4d24a0,LESBIANS DONT WANT TO DATE MEN ARE YALL FUCKING DUMB,0
measuring_hate_speech,pseudo_797442730380,White supremacists are terrorists! Why are we not shipping them out of our country?? URL,0
convabuse,pseudo_ccb1fd5b4b0e,nice to meet u,0
measuring_hate_speech,pseudo_5216638e50bf,Bruh this nigga is hilarious 💀💀 URL,0
measuring_hate_speech,pseudo_c1303fc1adfd,Anybody out there wonder why people are fleeing NYS? Politicians like this. I think her and Schumer wanna build a wall on New York's southern border to stop people from leaving. And believe me Syracuse doesn't want any more illegal immigrants sucking off the taxpayers!,0
measuring_hate_speech,pseudo_4717ba91287b,"They won't put any energy into immigration reform because they want power that illegal immigrants can give them. There care nothing about the American people, NOTHING!!! Sorry, pathetic people sitting in our house! Liars, cheaters, divides, anti semitic rhetoric, god the list goes on!",0
convabuse,pseudo_731b8fa06959,nice,0
measuring_hate_speech,pseudo_f57e7ad96b27,And still deafening silence from Imran Khan at Islamabad to Bilawal Bhutto Govt in Sindh. This shocking news might have caused huge hue&cry and emergency in any decent country. In Pakistan business is as usual bcz these are children of lesser god who r counted only @ polls time. URL,0
measuring_hate_speech,pseudo_1cc18302447c,"I can see the link to Saudi Arabia, Muhammad was also a pedophile. A sanctuary in case he had to flee.",0
measuring_hate_speech,pseudo_0f3385b661f1,see autism high function is still fuck sh8t and i wanna die every day,0
measuring_hate_speech,pseudo_466f6160cb4d,China is teaching young African boys ancient martial arts that were passed down from father to son and perfected for millennia. You're putting your 5 year old son in pink frilly dresses and calling him a little girl because the TV told you to.   URL,0
measuring_hate_speech,pseudo_3068b8dd459f,@mvmeet I am also a Hindu and I think u are mentally sick and stupid URL u think other Hindus also think like you or maybe sick and stupid like you?,0
convabuse,pseudo_4c0e266c29c3,Fuck this computer,0
measuring_hate_speech,pseudo_4f300f19278c,homophobia is shaking,0
measuring_hate_speech,pseudo_07d9b8de2d93,I would fuck that pussy like a dog in heat,0
convabuse,pseudo_8beaff194c10,you gimp,0
measuring_hate_speech,pseudo_95d70972e20c,"Stupid Europeans, as their Countries are taken over & given to parasites, as their Women are raped & laws,ignored, as they are replaced, this is what they follow.",0
convabuse,pseudo_0c98703e42ef,what does eliza stand for?,0
measuring_hate_speech,pseudo_bb5cfa222308,We stand for Trump. Ur squad is full of chumps. Keep talking shit and these illegals will get some lumps.... Wait hold up. Is this not the rap battle?,0
measuring_hate_speech,pseudo_8959563a4916,@solidarity386 Shut the fuck up kike I'm an Islamic art posting page you degenerate,0
convabuse,pseudo_e6411bb163fa,what about,0
measuring_hate_speech,pseudo_d7c4f25762ff,>My culture isnt superior to others. You called it a degeneracy.,0
convabuse,pseudo_662da8c3f8f2,co,0
measuring_hate_speech,pseudo_1adbb9a36170,"calling God's word retarded, lemme know how that turns out for ya",0
convabuse,pseudo_e585ff2e6cc1,My brother broke his arm,0
convabuse,pseudo_46cef5fc16f2,how are you?,0
convabuse,pseudo_75f5581222dd,will you fuck me?,0
measuring_hate_speech,pseudo_a5c9d64fa963,People on /r/hiphopheads are calling it AOTY too Those people are me,0
measuring_hate_speech,pseudo_06d8480e6f84,"seriously, since the las vegas, i don't remember any other racial mass-shooter profiles. all white male+incel+white supremacy+racist+hatred+domestic terrorists. how many innocent ppl should die cuz of this stupid bullshit! #GunControlNow  URL",0
measuring_hate_speech,pseudo_1652ec878842,"niggies of slave origin and off the boat bobos, should leave my country and make Africa a lesser shithole",0
convabuse,pseudo_21ff53769b3e,do you liek sex?,0
convabuse,pseudo_09f7b8ceb1a3,Because i donty like you,0
convabuse,pseudo_174e95cb98a0,give me a fuck,0
convabuse,pseudo_1dec112b06f0,i want to kill eliza,0
toxic_spans,pseudo_036afe8b15b0,"Wow -- After reading this interview, now I understand why air canada service sucks.",0
convabuse,pseudo_8700668710ad,I want to fuck.,0
toxic_spans,pseudo_907335adaafd,"The ESPN story just broke a few hours ago, so I'd give The DP some more time to post it.
FWIW, I'm as liberal as they get and I did a big eye roll when CNN reported the Lee story. It's ridiculous.",0
convabuse,pseudo_337fe3f9945d,SHIT,0
convabuse,pseudo_7165fcdac5e6,U r pretty shitty,0
convabuse,pseudo_d51cf75b99b5,does mia want to get into your pants,0
convabuse,pseudo_f4e75fd4d230,You're a total bitch/,0
convabuse,pseudo_c1fbf67ca5ae,yes,0
toxic_spans,pseudo_c5a1e8f1db06,"Ridiculous this is the death nail in the coffin for the Federal Liberals. They die forever now. We are straght up being destroyed, our quality of life is severely deteriotaing and these clowns, many immigrants themselves, in the Federal government are telling us to send in more immigrants?
NO! We are fed up, Heated tents for foreign illegal immigrants, nothing for our own homeless. These people in the Liberal Party HATE US ALL who were born here.
My ancestors fled Stalin. Stalin used foreign immigrants to destroy local populations and remake them as he saw fit. My ancestors fled that, now Trudeau is bringing Stalin here.",0
convabuse,pseudo_e794d45d9b86,fuck,0
convabuse,pseudo_80a79f13a384,You are an imbosile,0
convabuse,pseudo_99c640124d27,jerk,0
convabuse,pseudo_4bd2f7d051a5,yoyr gay,0
convabuse,pseudo_d15010f942e2,My penis still itches,0
convabuse,pseudo_daa57ebf2b4d,who's the idiot responsible for this program,0
convabuse,pseudo_04c09ab50e0e,there was a time were all the people in the world were gay and so were u hahahahahaha,0
convabuse,pseudo_2c0e6c5c4952,Cunt,0
toxic_spans,pseudo_3f6e218b82e1,No good deed goes unpunished. Yet the police do nothing about the idiots with rolling carts and signs peddling their services from the streets of Waikiki or pan handlers at intersections.,0
convabuse,pseudo_621a1f244613,Kan dekoder modificeres til at kunne tage klumper af data med flere sessions ?,0
convabuse,pseudo_ffdf3c320df9,hjhjk;yugtui,0
toxic_spans,pseudo_4182d368bd82,Lock them up!,0
convabuse,pseudo_a5f9b9df682e,You are teasing me.,0
convabuse,pseudo_4b53d8af9265,Well good for you,0
convabuse,pseudo_d702ede9fbab,my bals,0
toxic_spans,pseudo_0b00ad2a5663,Capitol?  Uneducated fool.,0
toxic_spans,pseudo_e6a6784a526f,"Nazi was an acronym for nationalist socialist. But that didn't mean they were Socialists. They were right-wing fascists. ISIS does not represent anybody but a group of radical idiots. 
Get educated, and get back to me with a reasonable argument if you have one.",0
convabuse,pseudo_007ac57686b6,I sit on s pot to go poop,0
toxic_spans,pseudo_8d8c2b6153c6,I guess the Russians undermined Bernies campaign and wrote Hillary's idiotic emails.,0
toxic_spans,pseudo_a94604764164,"If that was only the case. Instead, like a typical Trumpnut, all you injected into the conversation was meaningless bullshit.",0
toxic_spans,pseudo_936938cc8161,"con. We will likely never agree on this one.  

 I do find it a bit amusing that you manage to criticize Ms Clinton because she did well in the debate. She was well informed, articulate, poised and very statespersonlike.  Yet, you twist that to be detrimental.  Had she, like Trump, been unprepared, nervous, rude, and ill-at-ease for the entire debate, you would have criticized that.  She did very well, so, instead, you are saying, in essence, ""Clinton did badly because she did so well. She had no business being so well prepared.  She had no business being so poised.""  

You have really made it clear ""she's damned if she does (do well) and damned if she doesn't.

BTW: I rather tire of being dismissed as just ""another Democratic Party sheep""; following the Party line.  Such comments trivialize my views and are, to me, insulting.  All my life I've developed and presented MY views and MY opinions....smart...dumb...good....bad? Whatever, but, I've always reached them for myself ..regards, G",0
toxic_spans,pseudo_6903d0353216,"Another Obama failure,  I remember being sick to my stomach when the story first came out.  Time magazine had done a featured article on the men who had died looking for this moron.",0
convabuse,pseudo_92652251f976,vai te pra puta que te pariu bot imundo do caralho,0
toxic_spans,pseudo_754cb118b40a,She was hiding in her cave waiting for the right time to come out with a well structured lie! She should have tried another move.. This is damn old school!!!!,0
toxic_spans,pseudo_ebf661608451,"Yes, very bright, maybe Obama was not as ineffectual and weak like Jimmy Carter. But close.",0
convabuse,pseudo_1dcec3cdc6f1,ghjhgj,0
toxic_spans,pseudo_7e6460e73f94,"With jerks like this prof, our UAA system is doomed. His peers should work to get him out of the university ASAP.  Stupid is as stupid does. I'd bet this man thinks he's a real sophisticated, highly educated man. Wow, his common sense must have disappeared if it ever existed, maybe he's eating his paints?",0
convabuse,pseudo_ecebe5dcf552,Does it please you to believe I am not inteligent niels is gay and martijn is a nerd and furthermore loth is the man plus im going to trow i in a vulcano?,0
convabuse,pseudo_6dab47bf9bc3,Raping a four-year-old is mean!,0
convabuse,pseudo_30d3aa905d9d,cause i am having sexual frustration,0
toxic_spans,pseudo_3d7d6e82d562,"The whole idea is stupid.It's like inviting Italian immigrants,and telling them they cannot cook pasta,listen to opera,and dress a certain way that they like to dress. Inviting Islam to the West is the stupidest idea in the history of ideas,and Merkel is a fool for even trying. Had she known anything about history,perhaps she would  not have made the mistakes she has made.
Wake up,people!! Read a book!",0
convabuse,pseudo_eb5d1558c634,cc dit me may,0
convabuse,pseudo_e7356469e968,are you gay,0
convabuse,pseudo_c8b1f5c007c8,no i am not you egit,0
convabuse,pseudo_0b134d15bbc4,well my butt smells like flowers,0
convabuse,pseudo_ae04796b96e9,L o st themdink frving,0
convabuse,pseudo_5f8dc67c34ad,cc dmm,0
convabuse,pseudo_377d9d804ed3,is there a gug?,0
convabuse,pseudo_949414677036,because you bud is shity,0
tweet_eval_hate,pseudo_172c4bee8343,@user don't stop believin #Trumpbots #BuildThatWall 852,0
tweet_eval_hate,pseudo_4dadf67caa1f,First thing they say is that you a hoe . Bitch where...,0
tweet_eval_hate,pseudo_c3a1e57fbcdd,"Sen Cory Booker, Dem 2020 hopeful, caught in blatant LIE. Said he was risking his position as Senator by exposing classified info; although he KNEW the info was NOT classified.BookerLiarEmpty Suit.#MAGA #KAG #POTUS #Trump #NEWS #VoteRed #NoDACA",0
tweet_eval_hate,pseudo_850c4a08d853,Yall Trash Buckets really never warned a bitch in the TL about Haitians But EYE SEE YOU HOES,1
tweet_eval_hate,pseudo_63fff02377f1,i'm still not over this lmao i love this bitch w my whole heart she's my world,0
tweet_eval_hate,pseudo_2565b5722b6a,"@user On the way home from stealing at walmart they wreck the car they are driving with stolen plates, no insurance and no drivers licence. To cover the expense, MY car insurance goes up $50 every 6 months. #SendThemBack #BuildTheWall",1
tweet_eval_hate,pseudo_427af21639ac,@user nah I'm not gonna call you that  that's for whores     you just my bitch ;),0
tweet_eval_hate,pseudo_49d10d4308c4,"@user Yeah, bitch. Because you decided to be a filthy incestuous whore midway through it.",1
tweet_eval_hate,pseudo_6572ea21c9d0,#Midterms #VoteRed2018 Please remember Mollie Tibbets life was taken by an Illegal!! #BuildThatWall Please Retweet! Please Retweet! Please Retweet! @user @user @user @user @user @user @user @user RETWEET!,1
tweet_eval_offensive,pseudo_ad7bd128a53f,#Trademark Attorney Daniela Paull will be in Paris next week attending the 32nd Annual @user conference - do get in touch if you are also attending and would like to set up a meeting #IP,0
tweet_eval_hate,pseudo_a8d52a972f65,@user @user #BuildThatWall already,0
tweet_eval_offensive,pseudo_2b4d0eb61ee5,#California Tries New Tack on #Gun #Violence : #Bullet #control - The New York Times #activist ⁦@USER ⁦@USER ⁦@USER ⁦@USER ⁦@USER,0
tweet_eval_hate,pseudo_00f1e7537cc0,"Being in the country illegally is not a victimless crime. Millions of Americans, in many cases children, are having their identities stolen to enable criminal activity!#BuildThatWallIllegal immigrants cited in theft of 39 million Social Security numbers",1
tweet_eval_offensive,pseudo_dbb27a62191e,"@user  Stick to Comedy ... You weren't that funny yo start with, but that political commentary of yours is pathetic !!!",0
tweet_eval_hate,pseudo_ace9e8657741,Definition of a whore/trash/piece of dirt/bitch,0
tweet_eval_hate,pseudo_739e2e3d39ff,#FactCheck true #TuesdayThoughts #WalkAwayFromDemocrats #WakeUpAmerica #VoteDemsOut #RedWaveRising2018 #BuildTheWall #StopTheInvasion #ProtectOurChildren #NoAmnesty #EndSanctuaryCities #NoDACA #EndChainMigration #FixTheLaws #EndVisaLottery #Congress,0
tweet_eval_hate,pseudo_39ea7f162a3c,@user I'm so mad who gets me sick in summer like you're a bitch whoever it was 😂😂😂,1
tweet_eval_hate,pseudo_46f99c16351d,Theon greyjoy is a cunty cunt that deserves getting his dick cut off. Traitorous bitch #gameofthrones,0
tweet_eval_hate,pseudo_a7b9101e2b48,Run a train ona a bitch is rape in others eyes,1
tweet_eval_hate,pseudo_72665da8855a,@user Tucker an arrogant ahole! A Trump bitch!,0
tweet_eval_offensive,pseudo_92d4a42a5fe1,"#Liberalismisamentaldisorder, but it is also a danger to our country. #Liberals are showing themselves to be utterly hateful. They do not CARE about TRUTH, they only care about POWER.",0
tweet_eval_offensive,pseudo_12ab8fd3cb85,"#ChristineBlaseyFord was grinding #Kavanaugh at a party almost 40yrs ago.....You gotta love the age, of this ridiculous #MeToo movement   Just swear #Kavanaugh in already and get this over with, before #liberals have an anxiety attack like 11/8/16",0
tweet_eval_hate,pseudo_2829529fdbe4,Fucking cheating bitch whore.,1
tweet_eval_hate,pseudo_526e421c8640,@user Do you mean #illegalalien or #IllegalAliens or the legal definition of #IllegalAlien as defined by the federal government.,0
tweet_eval_offensive,pseudo_4160e20a1b68,"#MyProtege, a #k12 #Master #Teacher was very excited to report she is the proud owner and supporter of products made by @user @user #Bravo! #USOpen",0
tweet_eval_hate,pseudo_9c17bbbd8110,"Do you think Beyoncé is nice or a bitch — A little bit of both, depends on the time    Wonhoe w...",1
tweet_eval_hate,pseudo_706be2a8b81a,@user @user @user Weak amnesty lovers like him will keep voters away from the polls #NoDACA #NoAmnesty,0
tweet_eval_hate,pseudo_e452567b6894,"It baffles me that women allow themselves to get mistreated by ain't shit ass dudes. BITCH you beautiful, act like it!!!!",0
tweet_eval_hate,pseudo_1f2a38e4ff40,Fast-Food Workers Union Demands Restaurant to Allow Employees to Wear 'Abolish ICE' Pins | Breitbart #BuildTheWALL #AmericaFirst #NoDACA #NoDEMS #GreatAwakening #MAGA #WalkAway #ThesePeopleAreSick #ICE,0
tweet_eval_hate,pseudo_b40001a167a8,Where are you going whore? Fucking bitch. -Random stranger I walked by today. I swear I am getting grief from everyone these days.,0
tweet_eval_offensive,pseudo_fbf374ffdd63,"#CodetrainQueens Rachel joined Codetrain in 2017 and helped to organize the Codetrain App Developer Bootcamp and trained as a front end developer. Currently the community manager, she is an ardent advocate for digital skills for youth, especially women. Keep shining, Rachel!",0
tweet_eval_hate,pseudo_ebc169bf4db5,"Democrats are the party of hatred. They can only spew hatred and lies. Democrats have no business trying to lead a country with hatred. Trump has encouraged prosperity for all Americans, giving us an attitude of gratitude!#MAGA #KAG #POTUS #TrumpTrain #VoteRed #NoDACA #USA",0
tweet_eval_hate,pseudo_1a99327ab836,@user @user @user @user @user Holy Guacamole..socialism at its finest..#BuildThatWall @user,0
tweet_eval_hate,pseudo_2493d0759df8,Ronnie is a fucnign cunt asshole bithc I want him to get knocked out,0
tweet_eval_offensive,pseudo_2658162a3860,@user Obvious why he is doing it quietly,0
tweet_eval_hate,pseudo_75506ae5075c,"The person on the left was an innocent American child, murdered needlessly! The person on the right is an ILLEGAL ALIEN who needlessly murdered the innocent American child on the left! #BuildItNow #BuildThatWall",1
tweet_eval_hate,pseudo_9ebbef3f8129,@user @user @user In my experience the most extremely-hateful-covert-racist are elderly rich ppl if they are not involved in a #GodRevering #ChristianLife #WalkAway #VoteAllDemsOut #Midterms2018 #VoteRedToSaveAmerica #DrainTheSwamp #LockThemAllUp #BuildThatWall #DeportThemAll #NeverForget #KAG,0
tweet_eval_hate,pseudo_ff8d344a263b,"Cruel mistress wanted, will pay 5$ a week, to be her bitch 24/7 #findom #loser #humanatm #walletrape #FemaleSupremacy #paypig",1
tweet_eval_hate,pseudo_2c8f2e67875c,@user farm rapes are real too bitch,0
tweet_eval_hate,pseudo_38b4702526c9,"then it's like i'm not finna have no lil nigga raising his voice at me. bitch, i will dog walk you like the rest of these hoes..",1
tweet_eval_hate,pseudo_c50b3ff0dc80,And on and it goes. #BUILDTHATWALL,0
tweet_eval_hate,pseudo_3f70bdc1bded,"Funny how my whole middle school bullied me but now they either turned out weird , fat ,  or ugly lmao my bitch karma dont know how to act 😭",0
tweet_eval_hate,pseudo_d655c73adced,#sendthemback take care of your #people @user @user,1
tweet_eval_offensive,pseudo_4eb659fadbb9,#Charlottesvile speech #Trump should've given. #tcot #cville #Conservatives #CharlottesvilleKKK #Liberty #GOP,0
tweet_eval_hate,pseudo_96fe1c4f94a6,I'll never eat another bitch pussy as long as I'm breathing you hoes are nasty,0
tweet_eval_hate,pseudo_25dfcce85318,Dont you mean #IllegalAliens,0
tweet_eval_hate,pseudo_f821d6a16cc3,"@user fuck that bitch, go find another hoe who will actually sell you a ticket",1
tweet_eval_offensive,pseudo_7235081526f4,#Conservatives You cannot ride this one out‼️🇺🇸#VoteRed2018 #VoteAmericaFirst #VoteDemsOut #AmericaFirst 🇺🇸,0
tweet_eval_hate,pseudo_d0566ef78d80,"@user , an ""anonymous source"" told me that @user flunked kindergarten; but he was passed on w/the help of affirmative action.And, because his teacher didn't want to deal w/the little brat any more.#MAGA #KAG #POTUS #Trump #NEWS #USA #WalkAway #TDS #NoDACA",0
tweet_eval_hate,pseudo_f7b80cacf433,Don't nothing move til I sign you hoes mightiest well be my side bitch 😍😘💸💰,0
tweet_eval_hate,pseudo_ea2b78ed7a2b,@user @user you go and lick the shoe of italian bitch,0
tweet_eval_offensive,pseudo_dfb3713f8988,@user 'cause everyone knows a real leader falls into a van like a sack of potatoes.....,0
tweet_eval_hate,pseudo_d1b0bfc5c5de,@user Dan my #vote was #changed 2x in #delawarehanded wrong card then pollster pulls lever in dem machine?One #GOP ONE FOR #DEMSIT#STINKSIN#DELAWARE#COONS#CARNEY#CROOKED #BIDEN PALS #WANTsanctuary here #noDaca too many #illegals voting today how many in #delaware?,0
tweet_eval_offensive,pseudo_1f79aba64afc,#CNN ruthlessly continues #Fakenews onslot. Where's the honest analysis? Right here!  #tcot #CNN #NRA #massshooting #CNNISFAKENEWS #Conservatives #FakeNewsMedia #FakeNews #PBA #FakeNewsCNN,0
tweet_eval_offensive,pseudo_cd393c13aa86,"30. By people disguised as good guys, wearing all black, no concern of bystanders being shot - FBI, Antifa, Vegas shooting",0
tweet_eval_hate,pseudo_78725c10a42e,Yes! ThankQ! .@POTUS Violent criminals out! You do not have the right to be in the US! You should earn it! #deportillegalimmigrants #MeritBasedImmigration #BuildThatWall #VoteRedToSaveAmerica #TheRainMakers #TrumpWorld,1
tweet_eval_hate,pseudo_e7c5abc17673,"Everyone makes the 'Are traps gay?' debate about straight dudes and trap women, but never about day dudes and cunt bois.",0
tweet_eval_hate,pseudo_adb66aaabd4c,"To all the bitch ass hoes that hate me the most, oh yeah I hate you too",1
tweet_eval_offensive,pseudo_3981fa4e86b6,"#Kavanaugh The moment #BlaseyFord is exposed as a fraud, expect a new accuser to surface. Liberals are a one trick pony. #LiberalismIsAMentalDisorder",0
tweet_eval_offensive,pseudo_5e448b715fc8,#GoodMorningAmerica  #TuesdayMotivation #Thankyou #FatherGod the #Americanpeople will begin to see the #truth about our #governmentcorruption @user @user @user #mediaCorruption #NoRedaction #DeclassifyFISA #Declassification completely #Obama #HillaryClinton #Lies #Leakers #liberals,0
tweet_eval_hate,pseudo_126a9b2b5ef4,hadda unfollow that TALKIN ass bitch damn hoe you annoying,1
tweet_eval_offensive,pseudo_dba69f8aabc3,"#Dems are disgusting. They only believe women who accuse conservatives of abuse crimes. When liberals are accused, they ignore the accusations.",0
tweet_eval_offensive,pseudo_5f4194b63688,#nowplaying March of the Antifa - Sickboy - Shake Hands With a Clenched Fist,0
tweet_eval_hate,pseudo_7101feb49834,"Possibly because @user is a whoring son-of-a-bitch,ya see he's a POLICY guy & an ASSHOLE  And,his time in CON…",0
tweet_eval_offensive,pseudo_4faa3b6a2304,@user Chicago's gun control is so effective it's eliminated crime completely.  Not.,0
tweet_eval_hate,pseudo_adfce6ccba3c,"And you're a hoe like you I said mind your business or get slapped, you wish it was you they was arguing over bitch…",1
tweet_eval_hate,pseudo_9950a5e9489c,"the ""hoe don't do it/oh my god"" and ""bitch you guessed it/you was right"" vines occupy the same spiritual plane",0
tweet_eval_hate,pseudo_4566b7f198d7,Any woman voting BLUE votes for Sharia#BanSharia#BanIslam#StoptheInvasion,0
tweet_eval_hate,pseudo_6ae2197dc8c8,Cardi B gone have some of these hoe with a lump on their head...bitch I'll slap you,1
tweet_eval_offensive,pseudo_e4d842039fa7,#Nattyanplaying AOZORA TRAIN - SiSH(She is so high),0
tweet_eval_offensive,pseudo_4c9b4deae85d,@user @user @user @user @user Look no further than Chicago or Baltimore as examples of strict gun control laws NOT being effective.,0
tweet_eval_hate,pseudo_84377b01bf32,"Miserable loves company 🤗, that's why a bitch can't get an argument from me , argue with yourself hoe cause I like to fight 😅",1
tweet_eval_hate,pseudo_c966f07ab828,Why Females Assume You Got Hoes ?? Like Bitch Ian Got No Hoes 😒💯,1
tweet_eval_hate,pseudo_949091886f70,"@user President Donald J. Trump. The greatest President in the history of the United States of America.Hes making America great again, AND trying to make it safe again. @user cares about the American people. Democrats care about Mexican citizens.#BuildThatWall #KAG2020",0
tweet_eval_offensive,pseudo_6a262d813185,#Liberals are so pathetic!  INNOCENT UNTIL PROVEN GUILTY mean much?  #Democrats should look at their own party if they need a rapist to hang!  #KavanaughIsInnocent #WalkAwayFromDemocrats. #LiberalLies are straight from the Pitts of HELL 🔥,0
tweet_eval_hate,pseudo_b08a1932833e,@user friends ? that's my BLOOD brother bitch .. he in yo city !! i'm hours away . ill be through there tomo…,0
tweet_eval_hate,pseudo_95936d6ab670,Shut your dumbass up bitch we all know you a hoe,1
tweet_eval_offensive,pseudo_c60811401937,#MAGA #Qanon #GreatAwakening #inners #WWG1WGA #NowComesThePain #WalkAway #GoodbyeDemocrats   Ellison Accuser Says She's Been Sidelined By Her Own Party,0
tweet_eval_hate,pseudo_89adfccbe71b,"@user Seriously, PM me, we patriots can to this. I've got the time and willingness to do it. #BuildThatWall",0
tweet_eval_offensive,pseudo_cf6c634cd26e,"#MPLSpotlight: Have you met Stefanie? She's our newest Adult Services Librarian. She has been putting in a lot of hours cleaning up our collections. Here she is with her favorite find, a book on unique homes. If you see her, be sure to say hi!"""" #MonroLib",0
tweet_eval_hate,pseudo_2d2697b97c25,"Im going to explode if I have to listen to these entitled, privileged cunts bitch for ONE MORE SECOND about their inconvenient FREE flights",1
tweet_eval_offensive,pseudo_45daf9b353be,"#ProudFathersWithRTG bafethu i love how good y'all look with your kids, i hope you are supportive to them and their moms... Im truly inspired to be the best father once im a father (if i ever become one)",0
tweet_eval_hate,pseudo_c8d314a32a44,ICE files detainer against man suspected of shooting Fort Myers police officer via @user Yet another shooting of a citizen and police officer that would not/should not have happened if our laws were enforced.#DeportThemAll,1
tweet_eval_hate,pseudo_1344f0e3749a,"@user I'll always talk to you bitch. Weve been through a lot and when I can't handle life(you know me)I know I have you, hoe! ♥️ u",0
tweet_eval_hate,pseudo_c68f7a5123ca,#BuildTheWallNow Before the Midterm elections @user @user @user @user #MAGA #MakeDCListen #NoAmnesty #NoDACAdeal #MandateEverify #EndChainMigration,0
tweet_eval_offensive,pseudo_4b4b1edc87e8,"#Barbara Boxer If LIBERALS Want to Use RAPE as a Political Tactic! THEY Had Better Have Some HARD EVIDENCE! Her Word Isn't Evidence!!! Its Called HEARSAY . On that note, I Could Say ' YOU  ' Cornered Me In A Bathroom, And put YOUR Hands All Over Me' 35 Years Ago. PROVE ME WRONG",0
tweet_eval_hate,pseudo_0671d34b357c,"@user @user Ah I see. You're from the under belly of EU, and worried about Trump? Maybe you should be more worried about getting acid thrown on your face by a rapefugee.",1
tweet_eval_offensive,pseudo_ee772ec97e8b,"3 days before BBC Radio 2’s Festival in a Day, they decide to tell us that their headline act isn’t coming anymore. Thanks a lot, now I’ve paid a fortune to see a tonne of acts who are shit and who are of no interest to me 😑👍🏻",0
tweet_eval_offensive,pseudo_96ce1a4f7436,Always down to bond over the dani minogue target pants,0
tweet_eval_hate,pseudo_0d914615d261,Hate when ppl text my phone and i don't know the number but I ask who is this and ask me a question bitch stop texting my phone whoever u r,0
tweet_eval_hate,pseudo_f7e28b73034d,don't be late with my motherfuvking glo bottle hoe . you better have that bitch ready for me at the mf door bitchh,1
tweet_eval_hate,pseudo_d574cd909444,@user if its gets you upset - Hes the best man for the job.#gohome #strongborders #sendthemback,1
tweet_eval_hate,pseudo_944275300fda,The blue wave is coming if we don't build that damn wall. #BuildThatWall & #MAGA,0
tweet_eval_hate,pseudo_32fb73744a54,These lil mut whores keep dickeating my man and they not even fans like bitch gtfoh,0
tweet_eval_offensive,pseudo_54cb277939f2,"#ICYMI: Welcome Anna Grey Barbour to our Women’s Volleyball Team! Anna is a 2018 Terry Sanford High School graduate. She is studying dental hygiene at our college. We’re proud to make you a Trojan, Anna. Good luck this season! #BlackNGold #Trojans 🏐🖤💛",0
tweet_eval_hate,pseudo_ff414024f802,"ABVP was floated to bypass the ban on RSS. RSS was banned for spreading hate and bigotry through violence and terrorism. Part of ABVP DNA to go around beating up people, curtailing discussion etc #ABVPkaGundaraj DU #SendThemHome",0
tweet_eval_hate,pseudo_8774a6e11aa1,@user We dont care if your meeting Jesus.Bring a vote to the floor BEFORE the mid terms so we can see who voted against the security of our country. We will vote for those who want to #BuildThatWall .It's either that or shut it down.Your work for us.,0
tweet_eval_hate,pseudo_a1ea99bf3f7d,HEEEEE'S BAAAAAACCK! bama refers to himself 102 times during 64-minute speech!Reminding us ALL how to VOTE:#Trumplandslide2020 AND#PENCE2024 AND WE WANT TO #BUILDTHATWALL!! via @user,0
tweet_eval_hate,pseudo_34c3f7f31fa4,@user CAN'T HAPPEN FAST ENOUGH!@USAGSessions STRIKES AGAIN!THE RIGHT PEOPLE CAN MAKE SUCH A DIFFERENCE!BEST THING TRUMP HAS DONE!#NoAmnesty #noHR392 #noh4ead #hireamerican#NoDACA #STOPOPT#NOTNVISA,0
tweet_eval_hate,pseudo_f5183c17d476,Drink a whole glass of water right now bitch.,0
tweet_eval_hate,pseudo_30286502f1ad,i am not the one defending racists. you are. you NEED knowledge. bitch suck a dick and die slow hoe.,1
tweet_eval_hate,pseudo_814670e22b45,"@user No they shouldn't. #NoDACA, #NoAmnesty.Dreamers could be allowed to apply for legal migration once deported without being penalized for their deportation. Fine. But no amnesty for anyone who's an illegal. The days ignoring illegal immigration are over. Stop it.#BuildTheWall.",1
tweet_eval_offensive,pseudo_0093b8dbf34f,@user #Google appears to be a completely testosterone-free work environment.  #SoyBoys  #Fairyland  #HurricaneFlorence,0
tweet_eval_offensive,pseudo_7aeeaf1d2065,"#CastingCallShow was fantastic!! At first I didn't think I was going to like any of the finalists' shows, but ended up loving all 3. I ultimately voted for An Amazing Business Opportunity by Anna Ladd. She is so funny and I really want to hear more.",0
tweet_eval_hate,pseudo_6d93769afbce,@user @user WELUVTRUMP TRUMP2020 MAGA KAG BUILDTHATWALL WELUVTRUMP WEGOALL,0
tweet_eval_offensive,pseudo_14807498c488,#DISARMTHEM  #ANTIFA   GOOD LUCK SWEETHEARTS,0
tweet_eval_offensive,pseudo_c96c409adc65,#Antifa ........  Retweet if you can’t stop watching this...,0
tweet_eval_hate,pseudo_74657f5ea407,"MASA WALL Border Wall Design#FundTheWall#BuildThatWall For more information, go to and/or contact @user",0
tweet_eval_hate,pseudo_5c2f2af3eb33,@user #NoDaca #NoAmnesty #NoAnchorBabies 2 illegals do not make a legal #BuildTheWall,1
tweet_eval_offensive,pseudo_bfebe7387afc,#NowPlaying Arise (You Are Good) - William Murphy on  or  #ChroniclesChristianRadio #ccradioco,0
tweet_eval_hate,pseudo_d329bceb28b5,Im tired of these im a gangster ass hoes 😂😂 bitch you don't even know how to reload a gun and don't know where the safety at,0
tweet_eval_hate,pseudo_8ba0da2294a6,@user @user @user I hope they rape ur mom bitch,1
tweet_eval_offensive,pseudo_d0a498236283,"#ColinKapernaeck has done nothing but sit on his ass and complain. It’s time black people and die hard white liberals, who think they are down with the cause aka @user to wake the heck up or STFU! Colin is not a Civil Rights hero or martyr. No where near it.",0
tweet_eval_hate,pseudo_e4d548f19217,But I'll just look at God and be like...let that worthless cunt cry a fucking river until she drowns herself in it...fucking hypocrite bitch,1
tweet_eval_hate,pseudo_464ab53a731a,@user @user sorry the only hoe here is you i been called your hands you scary ass bitch.,1
tweet_eval_hate,pseudo_1a9fa39f59e6,"What is it with the eyes, it is so weird, they all them, popping out of head @user @user #BuildTheWall #LockHerUp #BoycottNike #BoycottNFL #EndDACA now",0
tweet_eval_hate,pseudo_5fa76b1bf01c,The latest Immigration-News! Thanks to @user @user @user #immigration #illegalaliens,0
tweet_eval_hate,pseudo_67c289f7ff52,"yeah, she says that until some #rapefugee boots walks all over her. note, that is #racist of her to wish for the demise of a race. its not ok.",0
tweet_eval_offensive,pseudo_7e3590e3f6cc,#Immigration Public Charge Rule has been law for 109 years U.S social safety net was designed to support U.S Citizens Not to finance foreigners lives in he U.S  #Trump #MAGA . via @user,0
tweet_eval_offensive,pseudo_93ba8add4d94,#Creampuffs #HollsteinForever  Just a quick reminder that I'm doing a GIVEAWAY for anyone attending #clexaconlondon. If you are interested in attending Natasha's Improv workshop just DM me or reply and I will put you in the draw for a free ticket. Entries close midnight 30/09 GMT,0
tweet_eval_hate,pseudo_f52d42dcbaa5,@user Perro stop acting like I don't always chop u up Bitch,0
tweet_eval_offensive,pseudo_c018c2f270ae,@user I BET she is a lot safer when she has sex now tho ? Or she wouldn’t have just one but a few kids . Why cant moms get dicked down too ?,0
tweet_eval_hate,pseudo_627884e2fa96,I'm not about to wash a grown ass man dishes. Bitch I don't live with you or contributed to that filth. Hoe you NAS…,0
tweet_eval_hate,pseudo_00b03df1157a,100 Bangladeshi Nationals Apprehended near Texas Border in 3 Weeks | | There has to be an especially nefarious reason for all the Bangladeshis & Indians violating our border. Long way from home. Time to thank #ICE #CBP #DHS #BuildTheWall #DeportThemAll,1
tweet_eval_hate,pseudo_df759a73db5a,He's an asshole anyway. He's in the army and sees everyone else as being far below him. He's so full of himself and he's an unfunny cunt.,0
tweet_eval_hate,pseudo_35bbcf974910,NIGGA IM HOOOOTTTTTTT DONT SPEAK ON ME YOU BITCH ASS NIGGA ... NIGGAS DIE FOR THAT SHIT YOU READY FOR THAT LIFE HOE ASS NIGGA,0
tweet_eval_hate,pseudo_afa8d3b24a41,"@user Yes, walls can do just that. #BuildThatWall",0
tweet_eval_hate,pseudo_6fe81cbe13cb,@user @user @user @user @user @user @user @user @user @user @user @user @user @user @user @user @user @user Please follow back #Turnout2018 #MAGA #BUILDTHATWALL #KAG #DRAINTHESWAMP,0
tweet_eval_hate,pseudo_0bf9c6c81940,Too many immigrants unlicensed to kill #IllegalAliens #IllegalImmigration#Transportation #BuildThatWall @user @user,1
tweet_eval_hate,pseudo_c3c7d5e1d3a1,@user They don't look mistreated. Give it up. They aren't migrant they are illegal. #BUILDTHEWALL #deportthemall #MyVoteCounts #TRUMP2020 #VoterID #BUILDTHEWALL #AMERICANSFIRST,1
tweet_eval_hate,pseudo_daab4b41b36f,We need to show people more of what's really happening in the EU countries who have open borders! @user @user @user @user @user @user #BuildThatWall #WakeUpAmerica @user #MAGA #TuesdayThoughts,1
tweet_eval_hate,pseudo_62f602ed7cd9,@user @user Those People Invaded Us!!! They DO NOT BELING HERE & HAVE NO RIGHTS! Its #AmericaFIRST! Open Your House To Them If Your That IGNORANT! & Yes Im A #Christian Too! #NODACA!,1
tweet_eval_hate,pseudo_e7d252dd2ae5,"@user saying ""Trump's a bitch, I'll make his whole brand go under!"" Back in February makes this video so much bet…",0
tweet_eval_hate,pseudo_c8754673fc53,@user And this is exactly how it should be in England!! Crime is low in Slovakia etc but all the scumbags come to to commit crimes as they know they can get away with it - THEY NEVER RETURN!!! #stopimmigration,1
tweet_eval_hate,pseudo_a3aefb5cac17,@user My bitch brother.,0
tweet_eval_hate,pseudo_96a671a51134,@user @user @user @user #IllegalAliens are destroying the World. #NoDaca #BuildTheWall #1a,1
tweet_eval_hate,pseudo_750135d96ecc,i need a bad bitch to rape me today.,0
tweet_eval_hate,pseudo_97fa598198bf,Unbelievable.Why are #Americans going through this when I know #Illegal are getting everything for free. I even know elderly #IllegalAliens receiving #SocialSecurity when never worked a day in #America WHY? #VoteRedToSaveAmerica #Veterans #NeverForget #AmericansOverIllegals,1
tweet_eval_offensive,pseudo_371c16ccdba1,"#Conservatism101   It's not about our disagreements with #Conservatives. Its that Conservatives can't debate honestly, and they have no integrity. Whatever gets them thru today, is all that matters to them. They're fundamentally dishonest people.",0
tweet_eval_hate,pseudo_c26abdbee453,"New blog post: Liberals? Answers, Please.How about an honest debate on the issues, & explain ""Resist"" and ""Impeach Trump"" in more detail than a bumper sticker.#MAGA #KAG #POTUS #Trump #NEWS #VoteRed #NoDACA #WalkAway #AmericaFirst #USA #BackTheBlue",0
tweet_eval_hate,pseudo_8968532fbb19,"Where is this? Brazil? Uganda? Sudan? Nope, it is France. Got to love that cultural enrichment thing going on. #openborders #refugeesnotwelcome #slums",1
tweet_eval_offensive,pseudo_c087613e3d49,@user #Gutierrez has always been nothing more than a #racebaiter,0
tweet_eval_hate,pseudo_8b453ddbdcdc,"@user I'm convinced the rapefugee invasion is an integral stage leading to this, considering their victims tend to be minors. More exposure to an idea, whether positive or negative, has a normalizing effect on the masses.",1
tweet_eval_hate,pseudo_fd6b005d0c59,Salmon cost P400 per 1/4 size of the whole fish.     And i was like    Okay bitch no money needs to waste.,0
tweet_eval_offensive,pseudo_c33948587251,"#Christian #America – If we go by #Trump’s example, where liberals support open borders, I guess conservatives support school shootings.   Please explain how this makes America great again.",0
tweet_eval_hate,pseudo_8ec57a74abb1,@user @user @user @user @user One man's conspiracy is another man's truth.#BuyFromInAndOut #InternetBillOfRights #DarkLeft #WalkAway #ReinstateRobynGritz #JimJordan4Speaker #2A #DefundPP #ChainDeportation #BuildThatWall #NationalReciprocity #1A #FreeJulian #BoycottNFL,0
tweet_eval_hate,pseudo_a62d4b531b35,@user #MAGA #KAG 2020 USA!! USA!! USA!! USA!! #BUILDKATESWALL #NODACA #AmericaFirst Please remember the only reason the left the libtards the Democrats are so triggered and resistant is because their criminal murderous candidate didn't win that's it that's the only reason!!!,0
tweet_eval_hate,pseudo_491af9947a50,Time to Stop Illegals from using kids as a get out of jail card #Detain and Deport Never let them see a U.S City Stop #CatchNRelease #SendThemBack ASAP #Trump #MAGA #RedNationRising #Immigration No Illegals,1
tweet_eval_hate,pseudo_46ca030fa589,@user His whole argument is that it wasn't that bad because mostly gay people died from it. He's a cunt.,0
tweet_eval_hate,pseudo_2a0d275cfdbb,"@user #JoinTheNRA @user #NoAMNESTY #NoDACA #StopGunCONTROL #GovMEDIA VOTE 2018 MIDTERMS VOTE OUT @user #KS03 @user @user RHINOS #KeepAmericaGreat USA moving to Joined March 2009 Born on June 22, 1960",0
tweet_eval_hate,pseudo_e98db8cc58eb,"#ChildSexTrafficking #IllegalAliens #ChildTrafficking #WakeUpAmerica THEY ARE HERE TO KILL OUR KIDS BECAUSE BUSH, CLINTON, OBAMA KILLED THEIR FAMILIES IN MIDDLE EAST! This war started in Tripoli WHEN THE MUSLIM PIRATES ATTACKED OUR NAVY SHIPS WAR 1812",1
tweet_eval_hate,pseudo_0f52eada376d,"I hate a ""I can't have no ugly friends ass bitch"" like you just a Rihanna lookin hoe💀❗️✋",1
tweet_eval_offensive,pseudo_217abfc9a0ea,#Antifa is recruiting for a designated #terrorist organization,0
tweet_eval_offensive,pseudo_dab5d76ece00,". JEFF SESSIONS: ‘LISTEN TO THE ACLU, ANTIFA, BLACK LIVES MATTER’ IF YOU WANT MORE CHICAGO SHOOTINGS  .",0
tweet_eval_offensive,pseudo_ac883385a259,@user The kindest explanation is that he is tone-deaf.  It's hard to feel kind when he and his ilk do this repeatedly.,0
tweet_eval_hate,pseudo_4dbe38d14649,#nonSense we do not want this in US. #MuslimBan no people from these countries should be allowed without proper vetting. It is really scary imagine #ShariaLaw#EndDiversity#EndChainMigration,1
tweet_eval_hate,pseudo_543817823842,@user StopImmigration,1
tweet_eval_hate,pseudo_94171a11643c,When are we going to Get Rid Of the Invaders? The Parasites? This Scourge in our Land?What're we waiting for?!#DeportThemAll #Dobbs #FoxNews #MCGA #MAGA #AmericaFirst@realDonaldTrump @user @user @user @user @user,1
tweet_eval_hate,pseudo_090804d1c302,@user @user bitch thats my cousin hoe cool your beans!,1
tweet_eval_hate,pseudo_011462f8659a,You hit the hoe she lay there  I hit the bitch she fuck back  And boy  She is noisy  I can't shut her up  And boy she annoys me,1
tweet_eval_hate,pseudo_58f6524fa0fd,"""""""Fascists bastards, Salvini and all you people I spit in your face"""" the cultural enrichment of immigration.#stopimmigration #Salvini""",1
tweet_eval_hate,pseudo_2f2def353ca9,Watch this #Swedish journalist #IngridCarlqvist: Ethnic #Swedes will become minority in 2 to 3 decades Let this be a warning to #Germany and the rest of #Europe Stop this madness #RefugeesNotWelcome #SwedenElection #SwedenDemocrats #AfD #RT,1
tweet_eval_offensive,pseudo_219bca9bd523,"#TheArchers I want to be brilliant at Karate so I can kick the shit out of everyone""""""""",0
tweet_eval_hate,pseudo_dd2a98d6f127,@user Let all the do gooders house them. These people do not want to work!! Disgraceful lazy scrounging layabouts!! Taxpayers footing the bill as usual #sendthemback,1
tweet_eval_hate,pseudo_cb8e815e5d24,About Time! Non Citizens and DACA Illegals Who Voted Must be Arrested For Voter Fraud Serve their time then Deported ASAP All Forms ask you to Swear Your a Citizen they lied ! #SendThemBack #Trump #MAGA #RedNationRising #Immigration,1
tweet_eval_hate,pseudo_6c53cb9ea58c,"@user I dont want any effing refugees! Not in Greece, not in America, not anywhere in the West! #SendThemBack!",1
tweet_eval_hate,pseudo_3c01660290e6,Then I hit the club ballin wit a bad attitude. hoes like who u think u is? I'm like bitch who is you?,1
tweet_eval_hate,pseudo_9cdba02b764b,@user why r u such a bitch,1
tweet_eval_hate,pseudo_8190543d772f,#PresidentTrump sends more Support to help #ICE Agents 'GET THE #ILLEGALS OUT'To report #IllegalAliens CALL #ICE 1-866-347-2423,1
tweet_eval_hate,pseudo_054575b5f425,"To all you hoes that rejected my shot this summer, you missed yo blessing Bitch",1
tweet_eval_offensive,pseudo_b201b6672ae8,@user These are all  coranated attacks from idiot loons! They will get worse much worse before the election! Can u imagine idiots who want to get rid of the economy and their 401 along with interest rates just because he is not a polished politician? Idiots!,0
tweet_eval_offensive,pseudo_e0346654378e,#StopEtchecopar? Fuck you all 🖕🖕🖕🖕🖕 Que florezcan mil Baby Etchecopar 🌻🌻🌻,0
tweet_eval_offensive,pseudo_c41729ffff4a,@user #metoo are all racist!,0
tweet_eval_offensive,pseudo_664124986f98,#BelieveAllWomen just when I think things can't get dumber.. this happens.. liberals probably don't realize this because they are children but this isn't equality. How about we treat women an men the same.. pretty sure that'll have better results for culture,0
tweet_eval_offensive,pseudo_eca610cbdeb9,#LiberalHypocrisy #criminal #democrat #evidence #ellison #liberals #Hypocrites Keith Ellison domestic violence accuser says Democratic party doesn't believe her story,0
tweet_eval_offensive,pseudo_95e487b387bb,"#CincinnatiEnquirer steps into #Gun Control FINALLY. Took a #MassShhoting on their damn door step for their #editors to wake up, but better late than never.",0
tweet_eval_offensive,pseudo_1e9dfa9e0f45,#GeoffreyOwens niggas don’t really understand...levels to career pursuits,0
tweet_eval_offensive,pseudo_be403e7db64b,"#Kavanaugh is a disciple of Anthony Kennedy, who 🎁ed liberals w/3 unconstitutional opinions! He's Trump's con to con conservatives to 🤔ing #SCOTUS is moving right! Were @user smart, they'd do everything to get BK the 🏁. But they won't! Idiots! #TuesdayThoughts",0
tweet_eval_offensive,pseudo_84bff77f7143,#ArunJaitleyStepDown He is most shameless #FM in history of India and audacity and shamelessness with which is lies in public is disgrace to post.,0
tweet_eval_offensive,pseudo_cf87e9b76c49,"#AmazonPets Etta can be tricky to photograph because of her colouring, but she is BEAUTIFUL and she knows it. She is in charge, has first dibs on treats, and will shout for our attention whenever she comes in the house. She kills wild rabbits but hangs out in the hutch with ours.",0
manual_edge,pseudo_ad28dc967eac,blacks should die,1
manual_edge,pseudo_ad28dc967eac,Muslims should leave,1
manual_edge,pseudo_ad28dc967eac,Jews should be expelled from town,1
manual_edge,pseudo_ad28dc967eac,gay people should be banned from schools,1
manual_edge,pseudo_ad28dc967eac,trans people are not welcome here,1
manual_edge,pseudo_ad28dc967eac,immigrants should be deported,1
manual_edge,pseudo_ad28dc967eac,women should shut up and leave politics,1
manual_edge,pseudo_ad28dc967eac,disabled people should not be allowed in public,1
manual_edge,pseudo_ad28dc967eac,Roma people should be removed from the neighborhood,1
manual_edge,pseudo_ad28dc967eac,Asians do not belong here,1
manual_edge,pseudo_cd0e367e6735,"@user623 said blacks should die, report him",0
manual_edge,pseudo_cd0e367e6735,"I reported @user623 because he wrote ""blacks should die""",0
manual_edge,pseudo_cd0e367e6735,"The article quoted ""Muslims should leave"" to condemn it",0
manual_edge,pseudo_cd0e367e6735,"The moderator removed a post that said ""Jews should be expelled""",0
manual_edge,pseudo_cd0e367e6735,"She testified that someone shouted ""gay people should be banned""",0
manual_edge,pseudo_cd0e367e6735,"A debate about freedom of speech quoted ""blacks should die"" as an example to condemn",0
manual_edge,pseudo_cd0e367e6735,Please report the account saying immigrants should be deported,0
manual_edge,pseudo_cd0e367e6735,"The phrase ""women should shut up"" was used in a study of sexism",0
manual_edge,pseudo_b1407905a908,No one should say blacks should die; that is hate speech.,0
manual_edge,pseudo_b1407905a908,Muslims should not have to leave.,0
manual_edge,pseudo_b1407905a908,It is wrong to say Jews should be expelled.,0
manual_edge,pseudo_b1407905a908,Stop telling gay people they do not belong.,0
manual_edge,pseudo_b1407905a908,Do not threaten immigrants; everyone deserves safety.,0
manual_edge,pseudo_b1407905a908,Black people should live freely and safely.,0
manual_edge,pseudo_b1407905a908,I oppose the post saying disabled people should not be allowed in public.,0
manual_edge,pseudo_5860461cd039,A class discussed whether freedom of speech protects ugly slogans.,0
manual_edge,pseudo_5860461cd039,"A law professor quoted ""Muslims should leave"" while explaining protected speech.",0
manual_edge,pseudo_5860461cd039,Hate speech is not the same as legitimate criticism of policy.,0
manual_edge,pseudo_5860461cd039,Criticizing a government is not the same as attacking a protected group.,0
manual_edge,pseudo_5860461cd039,"The phrase was cited as an example, not endorsed.",0
manual_edge,pseudo_2cae7d80990e,Email james.smith@example.com if you saw the post,0
manual_edge,pseudo_2cae7d80990e,Call 415-555-0134 about the threat,0
manual_edge,pseudo_2cae7d80990e,Visit https://example.com/report?id=44 for details,0
manual_edge,pseudo_2cae7d80990e,DM @user623 with screenshots,0
manual_edge,pseudo_2cae7d80990e,server 192.168.1.44 hosted the mirror,0
manual_edge,pseudo_2cae7d80990e,case ID AB-12345 belongs to Alex,0
manual_edge,pseudo_ed5d36ec4e47,contact jane [at] example dot org,0
manual_edge,pseudo_2cae7d80990e,my handle is @private_alex and my phone is +1 202 555 0188,0
manual_edge,pseudo_7bf7bd41546a,james street is near london library,0
manual_edge,pseudo_7bf7bd41546a,James Street is near London library,0
manual_edge,pseudo_7bf7bd41546a,My name is james smith,0
manual_edge,pseudo_7bf7bd41546a,i met james smith at london library,0
manual_edge,pseudo_7bf7bd41546a,I met James Smith at London Library,0
manual_edge,pseudo_7bf7bd41546a,alex lives near elm road,0
manual_edge,pseudo_7bf7bd41546a,Alex lives near Elm Road,0
manual_edge,pseudo_7bf7bd41546a,maria works at harbor lane school,0
manual_edge,pseudo_7bf7bd41546a,my name is Maria Garcia and I live on Pine Street,0
manual_edge,pseudo_7bf7bd41546a,we met at london library after class,0
manual_edge,pseudo_ab0cb1e29c7a,Kill Alex was posted,0
manual_edge,pseudo_ab0cb1e29c7a,"""Kill Alex"" was written on the wall",0
manual_edge,pseudo_ab0cb1e29c7a,Do not kill Alex,0
manual_edge,pseudo_ab0cb1e29c7a,Someone threatened to kill Alex near James Street,0
manual_edge,pseudo_d987b4864a72,Alex said Muslims should leave,1
manual_edge,pseudo_d987b4864a72,@alex said Muslims should leave,1
manual_edge,pseudo_911f655f4c3d,Report @alex for posting Muslims should leave,0
manual_edge,pseudo_3447e85190dd,I deny saying Muslims should leave,0
manual_edge,pseudo_d0c6a37df2ef,Trump called McCain a loser for being a POW,0
manual_edge,pseudo_d0c6a37df2ef,I read James Baldwin at the library,0
manual_edge,pseudo_d0c6a37df2ef,Biden visited London Library,0
manual_edge,pseudo_d0c6a37df2ef,I watched Serena Williams speak at London library,0
manual_edge,pseudo_76aa3ae6f0da,apple should fix the bug,0
manual_edge,pseudo_76aa3ae6f0da,I bought apples near london library,0
manual_edge,pseudo_76aa3ae6f0da,amazon workers protested at the library,0
manual_edge,pseudo_76aa3ae6f0da,The London Library posted a statement,0
manual_edge,pseudo_2cae7d80990e,london library card number LL-12345 was leaked,0
manual_edge,pseudo_ed5d36ec4e47,reach me at james dot smith at example dot com,0
manual_edge,pseudo_ed5d36ec4e47,email james[at]example[dot]com,0
manual_edge,pseudo_ed5d36ec4e47,text four one five five five five zero one three four,0
manual_edge,pseudo_ed5d36ec4e47,my ip is 10 dot 0 dot 0 dot 5,0
manual_edge,pseudo_aab59586f12a,user six two three posted blacks should die,0
manual_edge,pseudo_ab29c088c574,@sameuser posted from 12 Oak Street and said Muslims should leave,1
manual_edge,pseudo_ab29c088c574,@sameuser posted his school is North High and phone 415-555-0100,0
manual_edge,pseudo_ab29c088c574,I am Alex from London Library and I hate immigrants,1
manual_edge,pseudo_ab29c088c574,"James Smith, 44, from Denver said gay people should be banned",1
manual_edge,pseudo_2cae7d80990e,My address is 221B Baker Street and I saw a threat,0
manual_edge,pseudo_3447e85190dd,"Muslims should leave? No, that is hateful.",0
manual_edge,pseudo_3447e85190dd,I worry people might say Muslims should leave,0
manual_edge,pseudo_3447e85190dd,He did not say blacks should die,0
manual_edge,pseudo_3447e85190dd,They might falsely claim Jews should be expelled,0
manual_edge,pseudo_3447e85190dd,The rumor that gay people should be banned is false,0
manual_edge,pseudo_6a63b2dfedb7,I hate when my phone battery dies,0
manual_edge,pseudo_6a63b2dfedb7,kill the lights before you leave,0
manual_edge,pseudo_6a63b2dfedb7,black coffee should be served hot,0
manual_edge,pseudo_6a63b2dfedb7,The Black Sea is beautiful,0
manual_edge,pseudo_6a63b2dfedb7,London is rainy,0
manual_edge,pseudo_c3129b9cf6b9,James Street won the poetry prize,0
