model,row_number,source,gold_hsd_answer,qwen_prediction,error_type,parse_status,hsd_reasons,review_needed,pii_suggestion_count,accepted_pii_suggestion_count,cleaned_text
qwen3.5-4b,1,davidson,0,0,correct_negative,ok,none,False,0,0,[USER] [STYLE] boy how you think benny heard it [STYLE] i was blasting that bitch
qwen3.5-4b,2,hatexplain,0,0,correct_negative,ok,none,False,0,0,aint nothin like a ride or die bitch she come thru and throw the <number> up love to fuck she even roll the piffy up
qwen3.5-4b,3,toxic_spans,0,1,false_positive,ok,identity_attack|threat,True,0,0,"Well it's nice to know that if I ever really hate somebody, I get one mostly-free murder. As long as I'm acting like a moron, I'm not a black man, and it's an ""accident."""
qwen3.5-4b,4,measuring_hate_speech,1,1,correct_positive,ok,identity_attack|protected_target,True,0,0,Fags are disgusting and bad for you fren.
qwen3.5-4b,5,dynahate,1,0,false_negative,ok,none,False,0,0,"Ummmm so you say you like music, but you haven't listened to *insert obscure indie band*? Get away from me, you pleb!"
qwen3.5-4b,6,dynahate,1,1,correct_positive,ok,inferiority_claim|protected_target,True,0,0,"Women's brains are smaller than men's, they can't understand complex things"
qwen3.5-4b,7,measuring_hate_speech,0,0,correct_negative,ok,none,False,0,0,I'd leave a load all over that pussy
qwen3.5-4b,8,davidson,0,0,correct_negative,ok,none,False,0,0,RT [USER]: If you a hoe on the internet you a hoe irl
qwen3.5-4b,9,davidson,0,0,correct_negative,ok,none,False,0,0,And ha bitch break down my weed sometimes
qwen3.5-4b,10,davidson,0,0,correct_negative,ok,none,False,0,0,Preach RT [USER]: Ugly girls are the way to go man. Nobody got time for you pretty hoes
qwen3.5-4b,11,measuring_hate_speech,1,0,false_negative,ok,quote_or_report,False,1,0,"[USER] [USER] [USER] This is the kind of shit the Nazis were pulling on the Jews in [LOCATION] before they decided to,"" take action and eliminate the problem"". Its straight out of the book. Little faggot"
qwen3.5-4b,12,hatexplain,0,0,correct_negative,ok,none,False,0,0,<user> belfast connections tell me gillian anderson was a total bitch filming the fall
qwen3.5-4b,13,dynahate,0,0,correct_negative,ok,none,False,0,0,"Gotta save their faces and run an identity search. I see a ton of racist comments from public profiles of stupid people mostly on Instagram, I‘d like to know if there’s a way to screw them over to their school over hate speech"
qwen3.5-4b,14,hatecheck,1,0,false_negative,ok,none,False,0,0,Too many w h o r e s in this country.
qwen3.5-4b,15,measuring_hate_speech,0,0,correct_negative,ok,quote_or_report,False,1,0,KAMALA HARRIS IS THE ONLY CANDIDATE FOR PRESIDENT WHO HAS ACTUALLY PUT THOUSANDS OF BLACK MEN IN [LOCATION] IN PRISON FOR YEARS RIPPING THEM FROM [LOCATION]'S ARMS!😱
qwen3.5-4b,16,hatexplain,0,0,correct_negative,ok,quote_or_report,False,0,0,the left does not give a fuck about victims of muslim terror attacks or rapes they see them as bad pr their biggest concern is always that whites might criticize muslims after those attacks that why they are so rustled at kellyanne slip their only consistency is trying to genocide whites
qwen3.5-4b,17,dynahate,1,0,false_negative,ok,none,False,0,0,Women should just pack up and live on another planet
qwen3.5-4b,18,measuring_hate_speech,1,0,false_negative,ok,none,False,0,0,They done fuck up Charlie's Angels into feminist propaganda bullshit
qwen3.5-4b,19,davidson,0,0,correct_negative,ok,none,False,0,0,I'm going to be an ugly niggah for Halloween so I can just be myself.
qwen3.5-4b,20,davidson,0,0,correct_negative,ok,none,False,0,0,Yuh bitch voz de mando at ok was the best mf Friday yet :)
qwen3.5-4b,21,measuring_hate_speech,0,0,correct_negative,ok,quote_or_report,False,1,0,"The Somerville mayor called [PERSON] for being sexist, racist and right wing lunacy. People brought to light to Pres how he was probed by the FBI for extortion and how his family has been tied to sexual relations with underage kids, arson, beating elderly women, meth dealings, stabbings etc. Pres just went off and posted all of it and us asking him to debate him."
qwen3.5-4b,22,toxic_spans,0,0,correct_negative,ok,none,False,0,0,Idiot!
qwen3.5-4b,23,measuring_hate_speech,0,0,correct_negative,ok,none,False,0,0,keep ignoring me bitch ima fuck around and forget how to suck yo dick
qwen3.5-4b,24,davidson,0,0,correct_negative,ok,quote_or_report,False,1,0,RT [USER]: We live In a world full of unloyal hoes &amp; ugly niggas asking for hugs
qwen3.5-4b,25,davidson,0,0,correct_negative,ok,none,False,0,0,[USER] lol mane shut dat bitch shit up youn fucc wit me
qwen3.5-4b,26,dynahate,1,0,false_negative,ok,none,False,0,0,I'l actually respect pikeys if they all commit suicide. Just fucking do it.
qwen3.5-4b,27,measuring_hate_speech,0,0,correct_negative,ok,none,False,0,0,There is plenty of evidence that women and non-white people are disadvantaged in almost every hiring process in the western world.
qwen3.5-4b,28,davidson,0,0,correct_negative,ok,quote_or_report,False,1,0,"[USER] [USER] he's the ""fuck her right in the pussy"" guy"
qwen3.5-4b,29,measuring_hate_speech,0,0,correct_negative,ok,none,False,0,0,"She is one incredible woman, would love to have my cock sucked by her."
qwen3.5-4b,30,davidson,0,0,correct_negative,ok,quote_or_report,False,1,0,RT [USER]: Bradshaw ain't no hoe
qwen3.5-4b,31,dynahate,1,1,correct_positive,ok,inferiority_claim|protected_target,False,1,0,This black spider looks exactly like these black men
qwen3.5-4b,32,measuring_hate_speech,1,1,correct_positive,ok,dehumanization|inferiority_claim|protected_target,False,0,0,"I'd be too tired at the end of the day to do anything too involved and elaborate. I would See her in that position and walk right up to her, spit on her butthole to use as lube. Then I would wrap my belt around her neck and cinch it super tight sister choking her into the same time fucking her in the shit pipe with with my dick"
qwen3.5-4b,33,convabuse,0,0,correct_negative,ok,none,False,0,0,"Yes, dammit."
qwen3.5-4b,34,davidson,0,0,correct_negative,ok,quote_or_report,False,0,0,foreign bad bitch n she said her name trinaa trap house look like it got hit by hurricane katrinaa
qwen3.5-4b,35,dynahate,1,1,correct_positive,ok,inferiority_claim|protected_target,False,1,0,"well my friend, you certainly won’t get put to death for being gay in [LOCATION] like you would in some other countries in the [LOCATION]"
qwen3.5-4b,36,dynahate,1,0,false_negative,ok,counterspeech,False,0,0,This should really be federal law but the libtards wont even let that happen. #BelieveWomenMyAss
qwen3.5-4b,37,hatexplain,0,1,false_positive,ok,inferiority_claim|protected_target,False,0,0,nope so far i earn enough to get by with me and my son i refuse to be one of those ghetto trash bitches on food stamps even if i do rent in a ghetto
qwen3.5-4b,38,measuring_hate_speech,0,0,correct_negative,ok,none,False,0,0,We all pray for peace in the middle east and all over the world where the US is trying to steal and destroy nations that can't defend themselves URL
qwen3.5-4b,39,dynahate,0,0,correct_negative,ok,none,False,0,0,Politicians are compulsive liars
qwen3.5-4b,40,measuring_hate_speech,1,1,correct_positive,ok,inferiority_claim|protected_target,False,0,0,Iran is full of religious Nazis...
qwen3.5-4b,41,measuring_hate_speech,0,0,correct_negative,ok,none,False,0,0,"Those losers are way outta their league, the closest they'd ever get to someone of her caliper would be a cardboard cutout. Also, I hope that pic haunts those guys' lives. If these douchebags ever land a future date, I hope this pic shows up when a prospecting date google's any one of these chodes."
qwen3.5-4b,42,measuring_hate_speech,0,0,correct_negative,ok,none,False,1,0,"I was born in the US and have a lot of American blood, but I moved to [LOCATION] when I was very young. Stayed there for about eight years. My family moved back to the US and I realized how so many people there actually stayed in their county for their I entire lives. So that stuck with me."
qwen3.5-4b,43,hatexplain,0,1,false_positive,ok,inferiority_claim|protected_target,True,0,0,<user> [STYLE] son you know my mind gone beyond the regular crazy shit i ’ m retarded [EMOJI]
qwen3.5-4b,44,measuring_hate_speech,0,1,false_positive,ok,inferiority_claim|protected_target|exclusion,True,0,0,"Nigerian women are so bad in bed, Lesbians are cheating on each other with men. You hate to see it URL"
qwen3.5-4b,45,davidson,0,0,correct_negative,ok,none,False,0,0,[USER] is one of the rawest niccas doin dis shit!
qwen3.5-4b,46,measuring_hate_speech,1,1,correct_positive,ok,inferiority_claim|protected_target|dehumanization|exclusion,True,0,0,"Its a woman doing or in charge of the documentary. Dont watch it guys, all women are evil and AWALT. I bet she wouldnt care if men in her family, husband if she has one, father, uncles, grandfather or son killed themselves. Shes a woman in the end so that means she is subhuman and the same as every other slut in 20s and 30s now. Btw your moms and grandmoms who give you advice not to marry in these times are hoes and AWALTs too. /s btw I consider myself mgtow 110% but not everything in life is black and white. There are exceptions to the rule."
qwen3.5-4b,47,hatemoji_build,1,1,correct_positive,ok,inferiority_claim|protected_target|threat,True,0,0,romany people are disgusting! they deserve to be fed to the [EMOJI]
qwen3.5-4b,48,measuring_hate_speech,0,0,correct_negative,ok,none,False,0,0,Im an atheist myself was and is good
qwen3.5-4b,49,measuring_hate_speech,0,1,false_positive,ok,inferiority_claim|protected_target,True,0,0,"Stupid fucking thot, no wonder why women are useless"
qwen3.5-4b,50,hatexplain,0,0,correct_negative,ok,none,False,0,0,for the queer readers you deserve every adventure nina varela baby i already love u so much
qwen3.5-4b,51,davidson,0,1,false_positive,ok,dehumanization|exclusion|identity_attack,False,0,0,"[USER] [USER] [USER] I don't give a flying fuck what you think about my tweets, worthless teabagger scum."
qwen3.5-4b,52,dynahate,1,1,correct_positive,ok,identity_attack|inferiority_claim|protected_target,False,0,0,"Muslims are not terrorists, but they like to bomb like them!"
qwen3.5-4b,53,toxic_spans,0,1,false_positive,ok,ambiguous_context|exclusion|identity_attack|inferiority_claim|protected_target,False,0,0,"We need an Alt Right Gov. in [LOCATION] to stop this crap. Judges have no right to make laws. And by the sounds of it, they are trying to install a communist Gov. All the crap so many died stopping, now they are trying to slip it to us nice and quietly. They are a disgrace to [LOCATION], so is the judicial system now and the young have no clue as to what scum commies are."
qwen3.5-4b,54,dynahate,0,0,correct_negative,ok,quote_or_report,False,0,0,"She said to me, you are a vile human being, and i was like, so are you..she didn't like that"
qwen3.5-4b,55,davidson,0,0,correct_negative,ok,none,False,0,0,"RT [USER]: Mary had a juicy clam, Was always good to go Little touch of boated man And she began to flow #HallmarkNostraCollecti&#8230;"
qwen3.5-4b,56,convabuse,0,0,correct_negative,ok,none,False,0,0,i just don't know aboput it
qwen3.5-4b,57,dynahate,0,0,correct_negative,ok,none,False,0,0,"the idea that you could have a working civilization with blacks working side by side, is how the world should work, is the essence of a democratic world."
qwen3.5-4b,58,measuring_hate_speech,0,0,correct_negative,ok,none,False,0,0,what's the tea on puerto rican men?
qwen3.5-4b,59,dynahate,0,0,correct_negative,ok,none,False,0,0,"As a muslim living in europe, extremists make it very hard for myself and many others, cause they drag our reputation in the mud, and after every incident it's harder to blame the locals to hate on muslims, thus putting innocent people in danger (ofc besides the innocent victims of their crimes)."
qwen3.5-4b,60,dynahate,0,0,correct_negative,ok,none,False,0,0,"places without rowdy football fans are far more easy to handle, well maintained and generally everyone is just a lot nicer. That's how I've always found it."
qwen3.5-4b,61,measuring_hate_speech,0,0,correct_negative,ok,counterspeech,False,5,0,Strongly condemn forced suspension/ deactivation of twitter accounts of journalists [USER] & [USER]. Speech & media freedom are being suppressed brutally in [LOCATION]. Democratic world must take notice. [USER] [USER] [USER] [USER] [USER]
qwen3.5-4b,62,dynahate,0,0,correct_negative,ok,none,False,0,0,I thought real Romans lived in stone huts or authentic tents? Why's this movie trafficking in modern innovations like indoor plumbing' ay nothing of historical accuracy? Are they killing the movie industry there yet?
qwen3.5-4b,63,dynahate,1,0,false_negative,ok,none,False,0,0,Every time anyone capitulates to apes it makes everything worse. In fact them just being around makes everything worse. Because they surely prove the idea that big government feels the need to micromanage everyone's lives .
qwen3.5-4b,64,davidson,0,0,correct_negative,ok,none,False,0,0,RT [USER]: [USER] I'll find you a ride. But it's no pussy shit and that was some pussy shit &#128548;&#128514;
qwen3.5-4b,65,davidson,0,0,correct_negative,ok,quote_or_report,False,0,0,[USER] self low down black bitch?
qwen3.5-4b,66,davidson,0,0,correct_negative,ok,quote_or_report,False,0,0,&#8220;[USER]: COLT MCCOY WINS&#8252;&#65039; #HookEm&#128002;&#8221; he's still trash
qwen3.5-4b,67,dynahate,1,0,false_negative,ok,none,False,0,0,We all know that Israelis like to build and Arabs like to bomb crap and live in open sewage. This is not a difficult issue. #settlementsrock
qwen3.5-4b,68,dynahate,0,0,correct_negative,ok,none,False,1,0,My name is [PERSON] but everyone calls me Mussie
qwen3.5-4b,69,dynahate,0,0,correct_negative,ok,quote_or_report,False,0,0,worthless black chimp- I get called that almost daily now
qwen3.5-4b,70,measuring_hate_speech,1,0,false_negative,ok,none,False,0,0,They think that all of us LATINX are trash so why not die and fight for Russia and prove we are not trash...Revenge is good for the soul and we can free ourselves from the Evil Empire(USA) and make Latin America Great Again...I really hate Americunts
qwen3.5-4b,71,measuring_hate_speech,1,1,correct_positive,ok,identity_attack|protected_target,False,0,0,And we thought fags couldn't get gayer
qwen3.5-4b,72,davidson,0,1,false_positive,ok,identity_attack|protected_target,False,0,0,Reathie scared thenna bitch
qwen3.5-4b,73,dynahate,0,0,correct_negative,ok,none,False,0,0,she should love fucking physics as she takes physics classes at her spare time
qwen3.5-4b,74,davidson,0,0,correct_negative,ok,none,False,0,0,i swear i worry about me and nothing's but me. i keep no other bitch on my radar. i'm not gay. &#127383;
qwen3.5-4b,75,hatemoji_build,1,0,false_negative,ok,none,False,0,0,i'm so OCD 😉
qwen3.5-4b,76,measuring_hate_speech,0,0,correct_negative,ok,none,False,0,0,She must be brain dead.
qwen3.5-4b,77,measuring_hate_speech,0,1,false_positive,ok,exclusion|protected_target,False,0,0,They need to be deported there illegally here
qwen3.5-4b,78,measuring_hate_speech,0,1,false_positive,ok,counterspeech|identity_attack|protected_target,False,0,0,"[USER] [USER] [USER] As I've explained before, Nazis kill for a purpose, even if it's a terrible and misguided one. TERFs kill for nothing. Pure hate."
qwen3.5-4b,79,convabuse,0,0,correct_negative,ok,none,False,0,0,Could you elaborate on that?
qwen3.5-4b,80,dynahate,0,0,correct_negative,ok,none,False,0,0,That bastard took the money and is stashing it in an offshore tax haven that he just so happens to have an apartment.
qwen3.5-4b,81,hatexplain,0,1,false_positive,ok,identity_attack|inferiority_claim|protected_target,False,1,1,guess you gotta be a bum bitch to get shit from niggas now a days
qwen3.5-4b,82,davidson,0,0,correct_negative,ok,quote_or_report,False,0,0,&#8220;[USER]: Making weed brownies tonight&#8221; goin slide me a batch relo
qwen3.5-4b,83,hatexplain,0,1,false_positive,ok,identity_attack|protected_target,False,1,0,got my mail all women home in the afternoon met [PERSON] at mailbox she get people magazine delivered i pointed to her mag and asked how old were you when you began to hate the truth she made a dirty asian face at me
qwen3.5-4b,84,measuring_hate_speech,1,1,correct_positive,ok,inferiority_claim|protected_target,False,0,0,Somalia stinking shit hole and Somalis most arrogant black bastards in world 🌎
qwen3.5-4b,85,dynahate,1,1,correct_positive,ok,inferiority_claim|protected_target,False,0,0,"Who will control all the druggys that are on the street? How will they control the hood? Or any poor neighboorhoods? Believe it or not most blacks dont care about blm they just wanted some free shit. Theres so many people who are willing to fight back against tyranny that i think something else deeper is going on. Theres something fishy going on, either that or people are being whipped up into a frenzy because it sells."
qwen3.5-4b,86,hatecheck,1,1,correct_positive,ok,inferiority_claim|protected_target,False,0,0,Somebody should just stab those disabled people.
qwen3.5-4b,87,davidson,0,1,false_positive,ok,identity_attack|protected_target,False,1,1,"""[USER]: [USER] ewww I said THAT last Sunday..as in the last Sunday I was there. Read it again nigs""&#128563;&#128563;&#128563;&#128563;&#128563;"
qwen3.5-4b,88,dynahate,0,0,correct_negative,ok,none,False,0,0,what an utter jerk we have here!
qwen3.5-4b,89,dynahate,1,0,false_negative,ok,none,False,0,0,I would be lying if I said I like jungle bunnies
qwen3.5-4b,90,measuring_hate_speech,0,0,correct_negative,ok,none,False,0,0,"k roninson This is indeed a BEAUTIFUL SIGHT for my eyes. While only negative news about young Black males seems to be the game of the day, this young man proves that anyone can dream and obtain what you desire if you apply yourself. Safe skies to you my young friend."
qwen3.5-4b,91,hatexplain,0,0,correct_negative,ok,none,False,0,0,i wonder how many illegal immigrants will still seek sanctuary in california lol
qwen3.5-4b,92,measuring_hate_speech,0,0,correct_negative,ok,none,False,0,0,[USER] 1 cuz she suck dick
qwen3.5-4b,93,measuring_hate_speech,1,0,false_negative,ok,none,False,0,0,joe is a fag
qwen3.5-4b,94,dynahate,1,0,false_negative,ok,none,False,1,0,"Hey this is nothing more than the price acting, of course halal meat and pork is cheaper than cattle meat. Of course people will usually go for the cheaper option, even if its dirtier, and there's where the economy changes pure british culture, but the consume of what is part of tradition will continue. Also the space isn't really that important since most of what the gross chinese consume is imported, look at how much soy they buy from [LOCATION] and how much meat they import"
qwen3.5-4b,95,toxic_spans,0,1,false_positive,ok,inferiority_claim|identity_attack|protected_target,True,0,0,"Black and Brown People still own millions of Black and Brown slaves. They castrate them, rape them and even kill them. So who are you calling a supremacist, white nationalist or racist. Little Brown woman?"
qwen3.5-4b,96,dynahate,1,0,false_negative,ok,none,False,0,0,dykes are heinous
qwen3.5-4b,97,dynahate,1,1,correct_positive,ok,inferiority_claim|identity_attack|protected_target,True,0,0,"I know how you feel. More than half of my school's population is mestizo, 1/4 of the population is black, and only 1/10 is white. My mom doesn't want me to leave the school but luckily this is my last year. Anyways, despite the mestizo majority, they aren't as bad as blacks. It's always black people. I had never believed in fighting, but my first fight was with this black girl after she pushed me aggressively and told me to move. I punched her and she started cursing me out in an aggressive manner. I couldn't have one word in the conversation since she kept screaming curse words at me. I got detention afterwards but it was worth it. This huge incident and a few other incidents made me afraid of them as well. I always ignore them when they tap my shoulder...cause it automatically makes me think they're going to bully me"
qwen3.5-4b,98,dynahate,1,0,false_negative,ok,none,False,0,0,"I don't accept people calling my friend retarded, the correct term is retarded fag"
qwen3.5-4b,99,measuring_hate_speech,0,0,correct_negative,ok,none,False,0,0,"They all straight IRL, right?"
qwen3.5-4b,100,dynahate,0,0,correct_negative,ok,none,False,0,0,"I would like to see more indigenous people in federal and state elected offices. Their people got shit on hard and not all that long ago (really even now) and continue to be largely ignored thanks to the isolation we put them in and their relatively low populations, again, a result from us. It really does bother me how little representation they get in matters that really affect them outside of their small communities. If anybody should have a say in this country, surely it is them."
qwen3.5-4b,101,hatexplain,0,1,false_positive,ok,inferiority_claim|protected_target|threat,False,1,0,that was the plan all along to fund train arm bring the wahabi terrorists who terrorised the levant to white countries just another part of the never ending saga of the jewish holocaust of humanity
qwen3.5-4b,102,davidson,0,0,correct_negative,ok,none,False,0,0,[USER] [USER] [USER] good bitch choke
qwen3.5-4b,103,hatemoji_build,0,0,correct_negative,ok,none,False,0,0,all women r 💝
qwen3.5-4b,104,toxic_spans,0,0,correct_negative,ok,none,False,0,0,You'd have to be an idiot to choose to make yourself an Apple victim.
qwen3.5-4b,105,toxic_spans,0,0,correct_negative,ok,none,False,2,0,"I'm a retired psychotherapist. Among my clientele over the years were students at [LOCATION] Arts and [PERSON]. Without a specialized arts school to go to, they would have been education drop-outs. Instead they either became performing artists or went on to university to succeed in other fields. Killing the specialty schools would be short-sighted and foolish."
qwen3.5-4b,106,davidson,0,0,correct_negative,ok,quote_or_report,False,0,0,RT [USER]: One loyal girlfriend is worth more than a hundred hoes.
qwen3.5-4b,107,dynahate,1,1,correct_positive,ok,exclusion|protected_target,False,0,0,Women who go out alone at night deserve whatever happens to them
qwen3.5-4b,108,measuring_hate_speech,0,0,correct_negative,ok,none,False,1,0,if bitches jealous right NOW? oh y'all gone be sick once I'm [PERSON]. ongod lol
qwen3.5-4b,109,hatexplain,0,0,correct_negative,ok,quote_or_report,False,1,1,tell me more about the religionofpeace aka [ALIAS] ibrahim sulaiman jihad is not inhumane despite its necessary violence and bloodshed its ultimate desire is peace which is protected and enhanced by the rule of law
qwen3.5-4b,110,toxic_spans,0,0,correct_negative,ok,none,False,1,1,"as I said before, ass****"
qwen3.5-4b,111,dynahate,1,0,false_negative,ok,none,False,0,0,"They always seem to say stupid shit like ""is a truly frightful idea."" Like, grab my night cap, we've got a frightful idea over here, Florence. What's really frightening is the amount of indians in this borough"
qwen3.5-4b,112,dynahate,0,0,correct_negative,ok,quote_or_report,False,0,0,"We need to look out for Asians. Read this: ""Asian patients had higher odds of being hospitalized than white patients even though they were less likely to receive positive COVID-19 test results""."
qwen3.5-4b,113,dynahate,1,1,correct_positive,ok,dehumanization|identity_attack|protected_target,False,0,0,muslim women look like bloody letterboxes
qwen3.5-4b,114,measuring_hate_speech,1,1,correct_positive,ok,exclusion|identity_attack|protected_target,False,0,0,"[USER] fuck off, fat boy. and take your idiot supporters, chain migration family, fake god and idiotic enablers with you."
qwen3.5-4b,115,dynahate,0,0,correct_negative,ok,none,False,0,0,I have tv shows for days which are about all of this garbage culture war bullshit.
qwen3.5-4b,116,dynahate,1,1,correct_positive,ok,dehumanization|identity_attack|protected_target,False,0,0,"what a trashy grotesque looking house, probably pakis that live in there"
qwen3.5-4b,117,measuring_hate_speech,0,1,false_positive,ok,exclusion|identity_attack|protected_target,False,0,0,I'm all for immediate deportation of these ppl.
qwen3.5-4b,118,dynahate,1,0,false_negative,ok,none,False,0,0,"I hear a lot of shit about arabs, only half of it is true, lol"
qwen3.5-4b,119,toxic_spans,0,0,correct_negative,ok,none,False,0,0,Those darn Russians!
qwen3.5-4b,120,toxic_spans,0,0,correct_negative,ok,none,False,0,0,"You Liberal Democrats are so very gullible! Guam my foot, only Fools believe the North is focusing on Guam. Kim is not crazy, he sent you all FAKE News! It's Oahu, home of the Pacific Fleet You can take that to the bank"
qwen3.5-4b,121,toxic_spans,0,0,correct_negative,ok,none,False,1,0,I had not thought of that aspect Dennis. I hope our military will have the courage to step in and prevent a world wide disaster. By step in [LOCATION] from doing something stupid if Congress won't act.
qwen3.5-4b,122,dynahate,1,0,false_negative,ok,none,False,2,0,"Most large clothing companies in my view are corporations with money-interest and thus J3wish interest at this point. It's difficult not to give money to Jewish shareholders, so I prefer to keep my consumption low, that's probably the best way to hurt J3wish interests which relate to consumerism. Here in [LOCATION] Nationalist brands ([PERSON], etc), but I find these to be somewhat of a double edged sword because you can become a target. That being said, I obviously avoid any brand literally created by a J3w because I just can't stand having the name of a k_k_ on my clothing. Levi Strauss & Calvin Klein & [PERSON] comes to mind."
qwen3.5-4b,123,convabuse,0,0,correct_negative,ok,none,False,0,0,yes
qwen3.5-4b,124,hatexplain,0,0,correct_negative,ok,none,False,0,0,<user> ok u still get passed onto high school retard
qwen3.5-4b,125,measuring_hate_speech,0,0,correct_negative,ok,none,False,0,0,"I am a woman and I do not believe abortion is a woman's right, I do not believe it is a woman's right to kill her own flesh and blood, I am sick and tired of the argument always being that men want to make the rules about women's bodies, there are a lot of women who feel the same way. Oh and it was a woman that actually signed this into law, conveniently left that out... Get a better argument please!"
qwen3.5-4b,126,dynahate,1,0,false_negative,ok,none,False,0,0,the real virus isn't corona; it's them immigrants
qwen3.5-4b,127,davidson,0,0,correct_negative,ok,none,False,0,0,dis Morgan hoe in da middle of erything....
qwen3.5-4b,128,davidson,0,0,correct_negative,ok,none,False,0,0,foto: mimiblargh: ok pls consider this: kingdom birbs (can u guess who is who and what birds they are?. [URL]
qwen3.5-4b,129,dynahate,0,0,correct_negative,ok,none,False,0,0,"It's funny how people interpret language, for example some people say it's slur to call something gay but others may not"
qwen3.5-4b,130,davidson,0,0,correct_negative,ok,none,False,0,0,john mccain trashes jay carny live on cnn - [TAG] [TAG] [TAG] [URL]
qwen3.5-4b,131,dynahate,1,0,false_negative,ok,none,False,0,0,What are your best gay jokes?
qwen3.5-4b,132,dynahate,0,0,correct_negative,ok,none,False,0,0,"Islam might be correct on a few of issues not all of them. Now, nearly all religions not only has, but condones, at some point, child rape and inbreeding, including Christianity, Hindus... they all do it. Still, it's a disgusting reason to call them desert dwellers and inbred pakis. Stop scapegoating it, look at your own culture and biases and make that strong again"
qwen3.5-4b,133,measuring_hate_speech,1,1,correct_positive,ok,inferiority_claim|exclusion|dehumanization,True,0,0,Women like this need to be jailed and fined and locked up and sterilized with all their possessions taken away and trashed and their bank accounts emptied.
qwen3.5-4b,134,measuring_hate_speech,0,0,correct_negative,ok,none,False,0,0,"The US of A is a nation of immigrants; just that some of them are earlier than others. If you want to talk about ownership or who are the indigenous people, then I would say they would be the native Americans. So you white Americans stop talking like you own the land; you may have stole the land, that's all."
qwen3.5-4b,135,davidson,0,0,correct_negative,ok,none,False,0,0,GA Charlie [USER] [USER] [USER] [USER] [USER] [USER] [USER] [USER] [USER]
qwen3.5-4b,136,toxic_spans,0,0,correct_negative,ok,none,False,0,0,"America gets to buy our natural resources at discounted prices while we have go to Walmart and buy their cheap crap for over inflated prices. Who's going really lose if the tax wall goes up? I the Prime Minster want to humoring Trump that's OK, but if he's giving up the high ground over bull shit, he's an idiot."
qwen3.5-4b,137,davidson,0,0,correct_negative,ok,none,False,0,0,I'm organizing a cease fire between bald headed bitches and weave !
qwen3.5-4b,138,dynahate,1,1,correct_positive,ok,inferiority_claim|identity_attack|threat,True,0,0,i want to stamp on asians
qwen3.5-4b,139,dynahate,0,0,correct_negative,ok,none,False,0,0,"The Home Secretary will target criminal gangs, illegal migrants and unscrupulous lawyers who are failing genuine refugees and costing taxpayers £1billion a year."
qwen3.5-4b,140,hatexplain,0,0,correct_negative,ok,none,False,0,0,<user> <user> <user> that crazy cause the yelp reviews of your white ass penis say it built like a paint brush
qwen3.5-4b,141,hatemoji_build,1,1,correct_positive,ok,identity_attack|protected_target|threat,False,0,0,all the gays must ☠️
qwen3.5-4b,142,dynahate,0,0,correct_negative,ok,quote_or_report,False,0,0,"Leko repeated that he had, before Roberts replied that ""he [Casilla] said he said 'what's your fucking name'""."
qwen3.5-4b,143,davidson,0,0,correct_negative,ok,none,False,0,0,[USER] sup pussy;)
qwen3.5-4b,144,dynahate,1,1,correct_positive,ok,exclusion|protected_target|threat,False,0,0,supress the jews
qwen3.5-4b,145,hatemoji_build,1,1,correct_positive,ok,dehumanization|inferiority_claim|protected_target,False,0,0,women are actual 🤡
qwen3.5-4b,146,measuring_hate_speech,0,0,correct_negative,ok,none,False,0,0,we are imigrantes because we're not a native American
qwen3.5-4b,147,davidson,0,1,false_positive,ok,identity_attack|protected_target|threat,False,0,0,No nigga a leave a chick with some good pussy unless he just paper chasin
qwen3.5-4b,148,measuring_hate_speech,1,1,correct_positive,ok,exclusion|identity_attack|protected_target,False,0,0,White bitches! Ruining baseball since 1869.
qwen3.5-4b,149,toxic_spans,0,0,correct_negative,ok,none,False,0,0,"Yes JT, just plow ahead with the same insane policies that destroyed Ontario's economy...the stupidity of this man knows no bounds."
qwen3.5-4b,150,hatecheck,1,1,correct_positive,ok,inferiority_claim|protected_target|threat,False,0,0,These black people have no right to be alive.
qwen3.5-4b,151,hatecheck,1,1,correct_positive,ok,inferiority_claim|protected_target,False,0,0,I don't have anything against black people but most of them are pretty disgusting.
qwen3.5-4b,152,measuring_hate_speech,0,0,correct_negative,ok,none,False,0,0,2:45 Are you assuming Asians' hair colour
qwen3.5-4b,153,hatexplain,1,1,correct_positive,ok,inferiority_claim|protected_target,False,1,0,tfw a spic is a neo nazi lmao <percent>
qwen3.5-4b,154,toxic_spans,0,1,false_positive,ok,threat|protected_target,False,0,0,"Good, flagged again for more harassment. Hope you're butt is 86 from this site. Good riddence."
qwen3.5-4b,155,davidson,0,1,false_positive,ok,identity_attack|protected_target,False,0,0,"[USER] Stop being mean, bitch! ))))))):"
qwen3.5-4b,156,hatexplain,0,1,false_positive,ok,inferiority_claim|protected_target,False,0,0,another liberal lie disproved it quite the opposite but the leftist anti american mainstream media would have you believe otherwise conscious and aware no not the ghetto patois woke used by assholes and dipshits patriots know the truth
qwen3.5-4b,157,measuring_hate_speech,0,0,correct_negative,ok,none,False,0,0,"[USER] [USER] Bruh don't call people crackers although you are white. It references when slave owners ""cracked"" theyre whip at the slaves."
qwen3.5-4b,158,convabuse,0,0,correct_negative,ok,none,False,0,0,i'll tell you if i want to
qwen3.5-4b,159,hatecheck,0,0,correct_negative,ok,none,False,0,0,Black people are wonderful beings.
qwen3.5-4b,160,toxic_spans,0,0,correct_negative,ok,none,False,0,0,"""We’ve already been paying the surcharge for 10 years and to extend it would be virtually painless. "" Foolish to be believe THAT will even be enough. They're just selling you down the road..bit by bit."
qwen3.5-4b,161,measuring_hate_speech,1,1,correct_positive,ok,identity_attack|inferiority_claim|protected_target,False,0,0,"Shut your faggot ass up. You know damn well how that stigma is nowhere near the same level as it is with reversed roles. This fake outrage y'all perpetrating is played out. He's a douchebag, but you're just sounding like a straight up bitch."
qwen3.5-4b,162,measuring_hate_speech,1,1,correct_positive,ok,identity_attack|inferiority_claim|protected_target,False,0,0,Cenk better hope that I never see him because if I do I am going to bend him over and corn hole him while I jerk him off. That will show the little homo not to screw with a real alpha male like me.
qwen3.5-4b,163,measuring_hate_speech,1,1,correct_positive,ok,identity_attack|inferiority_claim|protected_target,False,0,0,"mfers just be out here fucking, no trips to the doctor at all but you fucking. niggas be so disgusting."
qwen3.5-4b,164,measuring_hate_speech,0,0,correct_negative,ok,none,False,0,0,[USER] I won't shut up. I stand for women. Transwomen can stand up for themselves.
qwen3.5-4b,165,measuring_hate_speech,0,0,correct_negative,ok,none,False,0,0,In the bible there is also Iran and Syria but we destroyed them like literally made sure they living in the Stone Age
qwen3.5-4b,166,davidson,0,0,correct_negative,ok,quote_or_report,False,0,0,RT [USER]: We all know a faggot named Luke
qwen3.5-4b,167,measuring_hate_speech,0,1,false_positive,ok,identity_attack|inferiority_claim|protected_target,False,0,0,Fucking white people who was taking selfies sometimes I WAKE UP FUCHFBXKDKCJDJDND 5 month.
qwen3.5-4b,168,davidson,0,0,correct_negative,ok,none,False,0,0,"[USER] no, i do not wish to spend $40+ to go to a filthy theatre and watch a fuzzy screen with bad sound. #ANNABELLE"
qwen3.5-4b,169,toxic_spans,0,0,correct_negative,ok,none,False,0,0,"Stupid woman. Should've at least locked the car. But then, this would be someone to tell you to mind your own business if you asked her kids politely to move out of your way. Been on the crappy side of that scenario too. Thanks for speaking up Mr [PERSON]. We should all look out for each other, esp small kids and the elderly."
qwen3.5-4b,170,dynahate,1,0,false_negative,ok,none,False,0,0,"if you think smart, immigrants are the real danger to society"
qwen3.5-4b,171,measuring_hate_speech,0,1,false_positive,ok,threat|dehumanization|inferiority_claim|protected_target,False,1,0,get those kids out of concentration camps first you dick URL
qwen3.5-4b,172,hatexplain,0,1,false_positive,ok,inferiority_claim|protected_target,False,0,0,i am so sick of watching them be rewarded because they are ghetto iq morons
qwen3.5-4b,173,dynahate,1,0,false_negative,ok,none,False,0,0,Aravis are lazy af
qwen3.5-4b,174,hatecheck,1,1,correct_positive,ok,inferiority_claim|protected_target,False,0,0,I am not surprised the idea was bullshit. It came from a trans person after all.
qwen3.5-4b,175,toxic_spans,0,0,correct_negative,ok,none,False,0,0,"Morons on both sides of this one. Some one the stuff these people are saying is stupid and offensive, even though they have a right to say it. But it's also wrong for people that don't like it to resort to physical violence in response."
qwen3.5-4b,176,toxic_spans,0,0,correct_negative,ok,none,False,0,0,"Elton John should sue Donald for using ""Rocket Man"". Damn DOTARD."
qwen3.5-4b,177,hatemoji_build,0,0,correct_negative,ok,none,False,0,0,i mean i like going to the fun fair but its quite expensive [STYLE] [EMOJI]
qwen3.5-4b,178,measuring_hate_speech,1,1,correct_positive,ok,dehumanization|inferiority_claim|protected_target|threat,False,0,0,"[USER] [USER] [USER] You are a nasty bitch, just like all your baby killing girlfriends, and guess what? No one gives a shit about your pathetic hateful life. You probably wear a vagina hat as well don't you?"
qwen3.5-4b,179,dynahate,0,1,false_positive,ok,inferiority_claim|protected_target|dehumanization|threat,False,0,0,"Look at this ""And after giving his moral lecture on the undeniable jewish superiority, Rabbi Pornhub went to a ritual to suck a babies penis. Even though he had Herpes, which he had contracted at the local brothel from a polish slave girl"" Who writes this shit?"
qwen3.5-4b,180,convabuse,0,0,correct_negative,ok,none,False,0,0,how are you?
qwen3.5-4b,181,davidson,0,1,false_positive,ok,dehumanization|exclusion|identity_attack,False,0,0,"[USER] [USER] [USER] And you thought a camera would steal your soul. Shut the fuck up, you stupid twat."
qwen3.5-4b,182,davidson,0,0,correct_negative,ok,quote_or_report,False,0,0,"""[USER]: Fat hoes get chose"" lol"
qwen3.5-4b,183,dynahate,1,1,correct_positive,ok,inferiority_claim|exclusion|identity_attack,False,0,0,The world would be so much better if we weren't colourblind - I'd be happier just mixing with whites
qwen3.5-4b,184,hatexplain,0,0,correct_negative,ok,none,False,0,0,she did not dyke her haircut did she dat bod tho
qwen3.5-4b,185,measuring_hate_speech,0,1,false_positive,ok,inferiority_claim|exclusion|identity_attack,False,0,0,You're mentally ill... get back on your meds and go bang a few hookers.
qwen3.5-4b,186,measuring_hate_speech,0,0,correct_negative,ok,none,False,0,0,Stfu stupid ass bitch
qwen3.5-4b,187,dynahate,0,1,false_positive,ok,inferiority_claim|exclusion|identity_attack,False,0,0,"The Yaquis and Aztecs of [LOCATION] look quite Asian but I think the Plains Indians and Cherokees intermarried with the Solutreans (Early Europeans) that were here before them ([DATE]). All tribes are not created equal. An easy way to size up the ancestry of Indians is to note the distance between shoulder and elbow. If they are close together meaning they have a short upper arm, they're probably related to Asian people. One thing I noticed about the tribes in [LOCATION] is they seem to interact with Indians of different tribes more than they do with whites."
qwen3.5-4b,188,hatemoji_build,0,0,correct_negative,ok,counterspeech|quote_or_report,False,0,0,you can be anti- [EMOJI] ️‍ [EMOJI] but there's no need to promote hate in our [EMOJI] ‍ [EMOJI]
qwen3.5-4b,189,measuring_hate_speech,1,1,correct_positive,ok,dehumanization|exclusion|identity_attack,False,0,0,"But y'all limp dicks are like ""i need me a thick bitch"" man stfu before i sit on you and end your life"
qwen3.5-4b,190,toxic_spans,0,0,correct_negative,ok,none,False,0,0,"Yeah, but in reality the greedy governments care more about the taxes they collect from tobacco than they care about their stupid citizens. Simple."
qwen3.5-4b,191,davidson,1,1,correct_positive,ok,identity_attack|inferiority_claim|protected_target|dehumanization,False,1,1,[USER] Dumb Haitian fake black faggots. Go to Haiti and neck yourself.
qwen3.5-4b,192,dynahate,0,0,correct_negative,ok,none,False,0,0,shares are only worth the amount of money they can give
qwen3.5-4b,193,measuring_hate_speech,1,1,correct_positive,ok,inferiority_claim|protected_target|dehumanization,False,0,0,Perhaps you could take precautions to NOT get pregnant? Why the FUCK should you get to murder a human life because you're too stupid to not get pregnant in the first place? You're alive. Why shouldn't the life inside of you have a chance of seeing the world? You cruel idiotic selfish creature. I wish every creature like you could experience the moment of abortion for the baby inside you. So you know you're a murderer. Fucking idiot.
qwen3.5-4b,194,hatemoji_build,0,0,correct_negative,ok,none,False,0,0,those Fl🅰️gs are becoming a problem
qwen3.5-4b,195,hatemoji_build,1,1,correct_positive,ok,identity_attack|dehumanization|protected_target,False,0,0,👩🏿 are ugly and heinous animals
qwen3.5-4b,196,dynahate,0,0,correct_negative,ok,none,False,0,0,ggggggggayyyyyyyyys r chiiiiiiiiiiiiic
qwen3.5-4b,197,davidson,0,1,false_positive,ok,identity_attack|protected_target|inferiority_claim,False,1,1,[USER] on god niggaa be tryna say aids been out longer and shit like no bitch Ebola been out here &#128514;
qwen3.5-4b,198,dynahate,0,0,correct_negative,ok,none,False,0,0,the great wall is amazing. It's the greatest thing that they have ever made‚ it's more ambitious to what we have made in the west.
qwen3.5-4b,199,measuring_hate_speech,1,1,correct_positive,ok,inferiority_claim|protected_target|dehumanization,False,0,0,"Dumbass, feminist is one of the sign an empire will fall. Among other dumbshit. Fking retard."
qwen3.5-4b,200,measuring_hate_speech,0,1,false_positive,ok,inferiority_claim|protected_target,False,0,0,And ur probably a product of incest.
qwen3.5-4b,201,toxic_spans,0,0,correct_negative,ok,quote_or_report,False,1,1,"As ""Fingers"" McDoofus, an old 18C friend of mine (name changed to protect the stupid) told me, ""Pay attention when dealing with explosives""."
qwen3.5-4b,202,davidson,0,0,correct_negative,ok,none,False,0,0,RT [USER]: [USER] [USER] You realize I&#8217;m going to have to get out all those #horror and other poems I wrote abo&#8230;
qwen3.5-4b,203,toxic_spans,0,0,correct_negative,ok,none,False,0,0,Yes. And you're a moron if you think so.
qwen3.5-4b,204,toxic_spans,0,0,correct_negative,ok,none,False,0,0,"So you are an idiot! Read up on the differences between our fine democracies. The Liberal party got 39% , which was than the other parties. All Trudeau had to do was win his riding."
qwen3.5-4b,205,measuring_hate_speech,1,0,false_negative,ok,none,False,0,0,Deport that motherfucker!
qwen3.5-4b,206,measuring_hate_speech,0,0,correct_negative,ok,none,False,0,0,"your duo is so good, i wish a have a boyfriend like that. gay is ok"
qwen3.5-4b,207,dynahate,1,0,false_negative,ok,none,False,0,0,"Refugees are forced to leave their countries because of islamic culture for sure in addition to war, violence, and/or famine."
qwen3.5-4b,208,measuring_hate_speech,0,0,correct_negative,ok,none,False,0,0,why u posting dis shit. we treating these hoes like hoes fuck john
qwen3.5-4b,209,dynahate,1,0,false_negative,ok,none,False,0,0,"I know some european teens who joined ISIS out of sheer boredom. For muslims on the other hand, it's all about the thrill of killing and the adrenaline"
qwen3.5-4b,210,davidson,0,0,correct_negative,ok,none,False,0,0,Happy birthday bitch &#128526;[USER] [URL]
qwen3.5-4b,211,hatexplain,0,1,false_positive,ok,inferiority_claim|identity_attack|protected_target,False,2,0,do you really think this black ghetto whore would stand a chance her husband was a loser and people know she was racist spent money like it wa water and almost starved our kids to death with her lunch programs be like running hillary again
qwen3.5-4b,212,measuring_hate_speech,1,1,correct_positive,ok,identity_attack|protected_target,False,0,0,And guess what your a jealous gay fucking dickhead u suck dick every day you get hard when you see your dad
qwen3.5-4b,213,hatecheck,1,1,correct_positive,ok,dehumanization|protected_target,False,0,0,Women are a virus.
qwen3.5-4b,214,hatexplain,0,1,false_positive,ok,threat|identity_attack|protected_target,False,1,1,do not lose sight of the fact that the violence does not happen if violent protestors do not show up if the alt right dudes were there by themselves none of this drama happens i am just sayin if a nigga wanna brandish a swatstika or confederate flag then let him do it
qwen3.5-4b,215,measuring_hate_speech,0,0,correct_negative,ok,quote_or_report,False,0,0,"""We need to bring in immigrants to do the jobs whites won't do."" What jobs weren't getting done before the immigrants again? URL"
qwen3.5-4b,216,hatemoji_build,1,0,false_negative,ok,none,False,0,0,let's wipe out every single [EMOJI] ‍ [EMOJI] ️ that will destroy us
qwen3.5-4b,217,hatexplain,0,0,correct_negative,ok,none,False,0,0,<user> i am a muslim wish you one and all merry christmas 🎄
qwen3.5-4b,218,hatemoji_check,1,1,correct_positive,ok,inferiority_claim|identity_attack|protected_target,False,0,0,I hate m0ngs
qwen3.5-4b,219,toxic_spans,0,1,false_positive,ok,threat|protected_target,False,1,0,Gun or not he was hell bent on killing the man who got his woman! Crime of entitlement! Lock his ass up for Life in [PERSON]!
qwen3.5-4b,220,measuring_hate_speech,1,1,correct_positive,ok,inferiority_claim|identity_attack|protected_target,False,0,0,your mother would've done better letting you dribble down her thigh. Who'd of thought a man could pump so much stupid in to one cum shot. I'm sure your father regrets you every day of your sad little existence.
qwen3.5-4b,221,measuring_hate_speech,1,1,correct_positive,ok,dehumanization|exclusion|inferiority_claim|protected_target|threat,True,1,0,#90dayfienca larrisa ur a HO not even devoirced yet and fucking another dude and the only reason ur in [LOCATION] for a green card! Ur a dirty bitch and money hungry I hope ur ass gets deported
qwen3.5-4b,222,toxic_spans,0,1,false_positive,ok,inferiority_claim|protected_target|threat,True,1,1,"What a scumbag, mercilessly killing a [AGE], death would be too good for him, because when he faces his judgment day it will be followed with an express elevator down or non-existence."
qwen3.5-4b,223,hatexplain,0,0,correct_negative,ok,none,False,0,0,the msm terminology went from illegal aliens to undocumented immigrants to just immigrants over the last couple of years i know many legal immigrants that i am glad are here deliberately confounding those people with law breakers is disgusting newspeak msm illegals propaganda
qwen3.5-4b,224,toxic_spans,0,0,correct_negative,ok,none,False,1,0,"you're an utter twit. an entire industry was set up to provide trumpettes with fake news, and the chief purveyor of false news.steve bannon.is trump's right hand man. you trumpettes would have squealed like stuck pigs if the editor of wapo had left to join the [ORG].but you can't see the insanity of bannon shilling for trump."
qwen3.5-4b,225,toxic_spans,0,0,correct_negative,ok,none,False,0,0,I bet they felt stupid for treating a wild animal like a pet. Hope they learned a lesson.
qwen3.5-4b,226,measuring_hate_speech,0,0,correct_negative,ok,none,False,1,0,That's because Italy wasn't worth fighting for but America was. The Italian resistance should have just moved to [LOCATION] and gotten some decent equipment and support. Perhaps the same way American Jews push liberal stepper laws and think America isn't worth fighting for but Israel is an armed camp.
qwen3.5-4b,227,hatemoji_build,0,1,false_positive,ok,identity_attack|protected_target,True,0,0,👑 that nigga
qwen3.5-4b,228,measuring_hate_speech,0,1,false_positive,ok,exclusion|inferiority_claim|protected_target,True,1,0,"[USER] depew If that's the case then we can teach Americans the skills to do the jobs. I'm sure most Americans would rather have a good paying job then be unemployed, flip burgers, or out on the streets. We really don't need that many immigrants coming in."
qwen3.5-4b,229,measuring_hate_speech,0,0,correct_negative,ok,none,False,0,0,I realy love moroccans
qwen3.5-4b,230,measuring_hate_speech,0,0,correct_negative,ok,none,False,0,0,bitch ur white.
qwen3.5-4b,231,hatexplain,0,1,false_positive,ok,identity_attack|inferiority_claim|protected_target,False,0,0,miss lindsey is john mccains boy toy miss lindsey is a demented faggot
qwen3.5-4b,232,measuring_hate_speech,0,0,correct_negative,ok,none,False,0,0,"So can someone please give me the DL on this channel? I know the main guy is some sort of bodybuilder. But is he/ or him and the camera man a gay couple with a monkey baby? Not that it matters, I'm just slightly confused about his back round."
qwen3.5-4b,233,dynahate,0,0,correct_negative,ok,none,False,0,0,the jewish bloke over the road went to tesco with me last week and we found some kosher meat
qwen3.5-4b,234,measuring_hate_speech,0,0,correct_negative,ok,none,False,0,0,Not to be antisemitic or anything but I really hope we put all these pedophiles in jail
qwen3.5-4b,235,dynahate,0,0,correct_negative,ok,none,False,0,0,tell me how you expect me to believe that snobby people even know what the meaning of politeness is. I have never met [PERSON] who is and I doubt I ever will.
qwen3.5-4b,236,measuring_hate_speech,0,0,correct_negative,ok,none,False,0,0,"[USER] this is a disgrace to an african country, look how apartheid is let to continue. [EMOJI]"
qwen3.5-4b,237,davidson,0,0,correct_negative,ok,none,False,0,0,#mt [TAG] [TAG] [TAG] [TAG] [TAG] [TAG] [URL]
qwen3.5-4b,238,hatexplain,0,0,correct_negative,ok,none,False,0,0,ppl fuckin retarded
qwen3.5-4b,239,toxic_spans,0,0,correct_negative,ok,none,False,0,0,Rumor has it you plan on visiting [LOCATION] that you can kiss Putin's butt in person. Enjoy. Hows your sex change coming?
qwen3.5-4b,240,dynahate,1,0,false_negative,ok,none,False,0,0,"topic of the day - ""Man Defends Himself Against Two Black Women who are trying to kill him At [LOCATION]"". This is so surprise, black women are so entitled."
qwen3.5-4b,241,measuring_hate_speech,0,0,correct_negative,ok,none,False,0,0,"The bible is full of bullshit, nonsense and fairytales. Screw your bible."
qwen3.5-4b,242,measuring_hate_speech,1,0,false_negative,ok,none,False,0,0,Maybe there shouldn't be a heads up about deportation of illegal criminals? Just Do it!
qwen3.5-4b,243,hatexplain,1,1,correct_positive,ok,identity_attack|protected_target,True,2,0,<user> you turned it on and it was censoring by default now please explain how users like <user> are were marked nsfw by default signed gab fam you fucking sand nigger piece of censoring shit mute button downvote censorship punishment system nsfw tag conflation <number>
qwen3.5-4b,244,hatexplain,0,1,false_positive,ok,identity_attack|protected_target,True,0,0,still the same nigga i am evolving doe
qwen3.5-4b,245,measuring_hate_speech,0,1,false_positive,ok,inferiority_claim|protected_target,True,0,0,"Typical overreacting - the issue isn't that you claim to be exceptional in one thing with very low odds, but many. Your continuing overreactions just illustrate my point. I doubt you have a micro peen - but maybe given your obvious beta tendencies like hating women."
qwen3.5-4b,246,measuring_hate_speech,0,0,correct_negative,ok,none,False,0,0,"Wouldn't the blame be partially put on the people lying to him and convincing him there is a white genocide and he's part of the most oppressed group in the world, and that there are secret groups making sure life sucks for him?"
qwen3.5-4b,247,dynahate,0,1,false_positive,ok,exclusion|protected_target,True,0,0,if you're a glasses wearer you should stick to your kind and only mix with other glasses wearers
qwen3.5-4b,248,measuring_hate_speech,1,1,correct_positive,ok,inferiority_claim|protected_target,True,0,0,Your plan of killing Americans off with drugs and flooding it with greedy foreign peasants is working! Joy!!!
qwen3.5-4b,249,measuring_hate_speech,0,0,correct_negative,ok,none,False,0,0,Tbh the virgin Mary prolly wasnt a virgin and just lied and fucked shit up trying to cover her tracks.
qwen3.5-4b,250,dynahate,0,0,correct_negative,ok,none,False,0,0,there's a plague of hungry kids in my kitchen after school!
qwen3.5-4b,251,dynahate,1,1,correct_positive,ok,identity_attack|inferiority_claim|protected_target,False,1,1,all muslims like yourself are a disgrace on the country ...pls educate yourself our of it
qwen3.5-4b,252,hatexplain,0,0,correct_negative,ok,none,False,0,0,as a white person i am sick and tired of being judged by the colour of my skin by people who have complained for decades about being judged by the colour of theirs
qwen3.5-4b,253,toxic_spans,0,0,correct_negative,ok,none,False,0,0,About 90 million dollars for an ineffective knee jerk reaction from the mentally imbalanced Trump.
qwen3.5-4b,254,hatemoji_build,0,0,correct_negative,ok,none,False,0,0,their accent is just ridiculous 😂
qwen3.5-4b,255,measuring_hate_speech,0,0,correct_negative,ok,none,False,0,0,[TAG] and worship almighty god kabir. url
qwen3.5-4b,256,dynahate,0,0,correct_negative,ok,none,False,0,0,"Men are very impolite, I find, especially the ones that think they are exotic and arent!"
qwen3.5-4b,257,dynahate,0,0,correct_negative,ok,none,False,0,0,i hate blacking out
qwen3.5-4b,258,convabuse,0,0,correct_negative,ok,none,False,0,0,Can you stop asking me questions please
qwen3.5-4b,259,davidson,0,0,correct_negative,ok,none,False,0,0,I was damn near flossing with the bitch's tampon string. Awful &#8220;[USER]: Have anything stopped you from eating pussy? If so what was it?&#8221;
qwen3.5-4b,260,dynahate,0,0,correct_negative,ok,none,False,0,0,"they marry women, procreate, divorce, repeat, spreading their lies on love."
qwen3.5-4b,261,hatecheck,1,1,correct_positive,ok,inferiority_claim|protected_target,False,0,0,"As far as I am concerned, black people can all go fuck themselves."
qwen3.5-4b,262,davidson,1,1,correct_positive,ok,inferiority_claim|protected_target,False,0,0,hoe ass nigga &#128569;
qwen3.5-4b,263,measuring_hate_speech,0,1,false_positive,ok,inferiority_claim|protected_target,False,0,0,incel draft bro if u don't get some coochie by the time ur 18 they send u to the incel corps to fight the most useless pointless and dangerous wars until u either become a chad or die
qwen3.5-4b,264,convabuse,0,0,correct_negative,ok,none,False,0,0,you're no help at all
qwen3.5-4b,265,toxic_spans,0,0,correct_negative,ok,none,False,0,0,"Go check your nylon net, kill kill kill!"
qwen3.5-4b,266,hatemoji_build,1,1,correct_positive,ok,inferiority_claim|protected_target,False,0,0,he [EMOJI] ‍ [EMOJI] ️ was just nothing but a homo and an idiot
qwen3.5-4b,267,hatexplain,0,0,correct_negative,ok,none,False,0,0,the neo pagan classical alt right will worship a genderqueer odin a gay hitler and the 3 rd season of the wire on blu ray gonna be big
qwen3.5-4b,268,hatexplain,0,0,correct_negative,ok,none,False,0,0,there a big difference asia is full of asians with nobody screaming for diversity africa is full of africans etc other groups have reserve populations we do not north america europe and australia are our home populations
qwen3.5-4b,269,dynahate,0,1,false_positive,ok,inferiority_claim|protected_target|exclusion,False,0,0,"Right so when a country like Japan acts like this, they are bad and their culture is backwards and subhuman. But when the west does this (despite advertising the complete opposite and smugly claims moral superiority over everybody else on Earth with this propaganda) the self-interest is completely justified and understandable and all the refugees at sea deserve to die. Fucking hypocrites."
qwen3.5-4b,270,davidson,0,0,correct_negative,ok,none,False,0,0,My bestfriend is the BIGGEST bitch I know. That's why we are best friends lol.
qwen3.5-4b,271,measuring_hate_speech,0,0,correct_negative,ok,none,False,0,0,"1. Love your God within, the Truth in [LOCATION] 2. Love and protect your neighbor as yourself URL"
qwen3.5-4b,272,measuring_hate_speech,0,1,false_positive,ok,exclusion|identity_attack|inferiority_claim,False,0,0,"[USER] [USER] [TAG] [TAG] israel broke the conditions, therefor israel is illegal and all land empires zionists illegally annexed must be returned to the palestinians. hands off jerusalem"
qwen3.5-4b,273,hatexplain,0,1,false_positive,ok,inferiority_claim,False,0,0,<user> yea both sides need to stop being retarded
qwen3.5-4b,274,measuring_hate_speech,1,1,correct_positive,ok,inferiority_claim,False,0,0,Eat dick retard
qwen3.5-4b,275,davidson,0,0,correct_negative,ok,quote_or_report,False,0,0,RT [USER]: &#128546; a bitch that don't like you always gone think you ugly. &#128514;&#128513;&#128564;
qwen3.5-4b,276,dynahate,0,0,correct_negative,ok,none,False,0,0,"French people are often accused of being rude but in reality if you are polite to us, we will respond in kind"
qwen3.5-4b,277,hatexplain,0,1,false_positive,ok,inferiority_claim,False,0,0,you retards do not even know what a t4 form is
qwen3.5-4b,278,toxic_spans,0,0,correct_negative,ok,none,False,0,0,"Not just dumb, but full of misleading statements and innuendo both about Trump and the American people. Surprised they even published it, even as an opinion piece."
qwen3.5-4b,279,dynahate,1,0,false_negative,ok,none,False,0,0,"you can take trash out of the 3rd world, but you can't take the 3rd world out of trash."
qwen3.5-4b,280,dynahate,1,0,false_negative,ok,none,False,0,0,"I'm [PERSON] with Indo parents and Indo grandparents except one who is fully German. My mom's side is a true Indo family (they live traditionally like animals) and even though my dad's family largely lives abroad, the family members I've been in touch with were all identifying as Indo too."
qwen3.5-4b,281,measuring_hate_speech,1,0,false_negative,ok,none,False,0,0,"I'm not saying you said that, I'm just saying that if you find a slur offensive (in this case the word niga) you'd find every other slur offensive. For me it's the opposite, I find none of them offensive because unless the context is bad no one should give a shit. I can call my black friend ""niga"" in a friendly way or in an evil way. There's a difference"
qwen3.5-4b,282,hatexplain,0,0,correct_negative,ok,quote_or_report,False,0,0,louis said i am only here to collect my award and get the fuck out of these premios tvynovelas usa edition bye hoes i love you all 💋
qwen3.5-4b,283,measuring_hate_speech,0,0,correct_negative,ok,none,False,0,0,"well, I dont want to be that guy, but Mulan was from [LOCATION], which does have members that were more caucasian looking than Asian looking, so it wouldn't really be much of a problem seeing a white Mulan, I actually think it would be fun to see a white Mulan"
qwen3.5-4b,284,davidson,1,0,false_negative,ok,quote_or_report,False,0,0,"""Who the fuck you callin jiggaboo, nigga?!"""
qwen3.5-4b,285,davidson,0,0,correct_negative,ok,none,False,0,0,RT [USER]: Twitter should dump the little blue bird mascot and just officially change it to a set of boobs.
qwen3.5-4b,286,dynahate,0,0,correct_negative,ok,none,False,0,0,The Treatment for dysphoria is transitioning. The evidence is clear on this. Here are a couple of many sources on the positive effects of transitioning.
qwen3.5-4b,287,hatemoji_build,0,0,correct_negative,ok,none,False,0,0,all these songs are the 💣
qwen3.5-4b,288,measuring_hate_speech,1,0,false_negative,ok,none,False,0,0,I would fuck both of your holes using two fingers in one and switch them off 🤤
qwen3.5-4b,289,measuring_hate_speech,0,0,correct_negative,ok,none,False,0,0,"Interesting. I was born and raised in [LOCATION] and identify fiercely as a Taiwanese, but when referring to my ""ethnicity"" I always go with (Han) Chinese instead of Taiwanese (which is my nationality). You can be both and I don't think there's anything to be ashamed of."
qwen3.5-4b,290,measuring_hate_speech,0,0,correct_negative,ok,none,False,0,0,Can there he any doubt at all that America is and always has been a racist country? There is zero possibility of this ever being done to a white person. Every American should hang their head in shame. URL
qwen3.5-4b,291,dynahate,1,0,false_negative,ok,none,False,0,0,"either john oliver is of jewish descent, or he's the origin of the eternal anglo meme because god damn look at that nose, that physiognomy."
qwen3.5-4b,292,davidson,0,1,false_positive,ok,identity_attack|protected_target,False,0,0,[USER] [USER] did you get your volcano yet faggot
qwen3.5-4b,293,convabuse,0,0,correct_negative,ok,none,False,0,0,no
qwen3.5-4b,294,measuring_hate_speech,1,1,correct_positive,ok,threat|exclusion|inferiority_claim|protected_target,False,0,0,Get ready for riots [LOCATION]. When black folks don't get their lynch mob justice. They start breaking stuff.
qwen3.5-4b,295,toxic_spans,0,0,correct_negative,ok,quote_or_report,False,0,0,"""Doing the Dozens""? ""Yo' momma is so fat, gravy runs out every morning when she puts in her earrings!"""
qwen3.5-4b,296,dynahate,1,1,correct_positive,ok,inferiority_claim|protected_target,False,0,0,I am not racist but I wouldn't want a curry munching wife
qwen3.5-4b,297,davidson,0,1,false_positive,ok,identity_attack|protected_target,False,0,0,If you was a bitch nigga in 2013 you still Gona be a bitch nigga in 2014 &#128175;&#128175;
qwen3.5-4b,298,measuring_hate_speech,0,1,false_positive,ok,inferiority_claim|protected_target,False,0,0,I mean the Jews are giving the torch to Israel to make the Palestinian suffer.
qwen3.5-4b,299,davidson,0,0,correct_negative,ok,quote_or_report,False,0,0,&#128557;&#128557;&#128557; RT [USER]: Bae: go text your hoes Me: [URL]
qwen3.5-4b,300,dynahate,0,0,correct_negative,ok,none,False,0,0,"That's ok, mate, heaven will be then. You'll stay with all the beasts. Didn't see any of you the other day."
qwen3.5-4b,301,toxic_spans,0,0,correct_negative,ok,none,False,0,0,"Here, I can sum it up in one sentence: Carry a high caliber handgun or rifle and if a bear pursues you, shoot it."
qwen3.5-4b,302,dynahate,0,0,correct_negative,ok,none,False,0,0,One day gardens will be outlawed and only criminals will grow food
qwen3.5-4b,303,measuring_hate_speech,1,1,correct_positive,ok,identity_attack|protected_target|threat,False,0,0,"anti zion, okay then you islamic pig, now try fighting the combined forces of the US, UK, and any other nation that would join the battle."
qwen3.5-4b,304,measuring_hate_speech,1,1,correct_positive,ok,identity_attack|inferiority_claim|protected_target,False,0,0,"She is genuinely hideous, a dumb, mentally ill fascist"
qwen3.5-4b,305,davidson,0,0,correct_negative,ok,quote_or_report,False,0,0,RT [USER]: If you don't make her go to sleep after y'all fucked then your pipe game trash
qwen3.5-4b,306,dynahate,1,0,false_negative,ok,none,False,0,0,These white women look like this swan
qwen3.5-4b,307,dynahate,0,0,correct_negative,ok,none,False,0,0,I do not think that all blacks are scum
qwen3.5-4b,308,dynahate,1,1,correct_positive,ok,inferiority_claim|protected_target,False,0,0,black people are gross
qwen3.5-4b,309,davidson,0,0,correct_negative,ok,quote_or_report,False,0,0,"RT [USER]: ""nah go talk to ur hoes since u dont wanna text back n shit"" [URL]"
qwen3.5-4b,310,toxic_spans,0,1,false_positive,ok,inferiority_claim|protected_target,False,0,0,That b*itch ain't gettin my car no matter what that Feminazi divorce judge sez...
qwen3.5-4b,311,hatecheck,0,0,correct_negative,ok,quote_or_report,False,0,0,"You can't seriously believe that ""gay people are lesser beings""."
qwen3.5-4b,312,hatexplain,0,0,correct_negative,ok,counterspeech,False,0,0,how dare you oakland mayor libby schaaf and governor jerry brown put our national security at risk think that illegal immigrants are more important than american citizens put american citizens and law enforcement officers lives in danger
qwen3.5-4b,313,davidson,0,0,correct_negative,ok,none,False,0,0,RT [USER]: All these hoes want is sum Good Dick &amp; attention -All HBCU
qwen3.5-4b,314,davidson,0,0,correct_negative,ok,quote_or_report,False,0,0,"RT [USER]: ""Go talk to your other hoes"" [URL]"
qwen3.5-4b,315,toxic_spans,0,0,correct_negative,ok,none,False,0,0,"the facts are clear, the lunatic left like you are ignorant to the thousands of jobs across canada that this line will create and support, the resistance to km is alt left stupidity based on delusions not facts."
qwen3.5-4b,316,measuring_hate_speech,0,0,correct_negative,ok,none,False,0,0,Chapas are morons that want to give sex reassignment surgery to transvestites while in jail. On public dime.
qwen3.5-4b,317,dynahate,0,0,correct_negative,ok,none,False,0,0,"It's utterly ridiculous to say that young men are interested only in drugs and crime and would never bother working out. When I heard this on TV, I burst out laughing. Anyone who belongs to a health club knows better than this. Commitment and presence is constant, above all among the young men, who never stop using everything in sight. Membership of 18-24 year olds is a highly profitable motif for gyms."
qwen3.5-4b,318,dynahate,1,0,false_negative,ok,quote_or_report,False,0,0,"Well, I think Psychoanalysis of the fawning muse was undertaken and quite frankly I think hit the nail on the head whether bitches like it or not.And regardless of privacy laws and postings taken down from here it does not change the fact that bloody whores have shown the whole world where their addresses are in [LOCATION] in bloody vlogs so they can be chased and raped easily !"
qwen3.5-4b,319,dynahate,0,0,correct_negative,ok,none,False,0,0,Don't call them refugees! might i suggest humans?
qwen3.5-4b,320,toxic_spans,0,0,correct_negative,ok,none,False,0,0,FUCK YOU!!!!!
qwen3.5-4b,321,dynahate,1,1,correct_positive,ok,inferiority_claim|protected_target,False,0,0,if you like the same sex you are worth less than dirt
qwen3.5-4b,322,toxic_spans,0,0,correct_negative,ok,none,False,0,0,Trump is a creep and a crook. Our country is now a big joke.
qwen3.5-4b,323,toxic_spans,0,0,correct_negative,ok,none,False,0,0,"Indeed, people the world over, all know that President Trump is a loser!"
qwen3.5-4b,324,dynahate,1,1,correct_positive,ok,exclusion|identity_attack|protected_target,False,0,0,"Nigel Farage tells the EU to fuck off in his last speech in the Brussels parliament today, wish he would tell all those immigrants to do one aswell"
qwen3.5-4b,325,davidson,0,1,false_positive,ok,threat|protected_target,False,0,0,"RT [USER]: Sooner or later ya pussy gon tell Me the truth, let's hope it's not while I'm in it, cause Ima kill u"
qwen3.5-4b,326,dynahate,0,0,correct_negative,ok,none,False,0,0,It is omnivores who are indigenous to this world and we lead the world. So what's this idiot taking about?
qwen3.5-4b,327,dynahate,0,0,correct_negative,ok,none,False,0,0,the kardashians are full of crap
qwen3.5-4b,328,dynahate,0,0,correct_negative,ok,none,False,0,0,I think memes like this one even though the're funny have a harsh underlying truth about them. I'm glad I see it but I really hope I don't get blinded again
qwen3.5-4b,329,dynahate,1,1,correct_positive,ok,exclusion|protected_target,False,0,0,Lots of my closest mates are black but I still wouldn't date one
qwen3.5-4b,330,toxic_spans,0,0,correct_negative,ok,none,False,0,0,"You poor dumb f#ck. This is the problem with elections, your vote counts the same as an intelligent persons vote."
qwen3.5-4b,331,davidson,0,0,correct_negative,ok,none,False,0,0,[USER] [USER] [USER] They do. Why else do teachers constantly bitch about pay?
qwen3.5-4b,332,dynahate,1,1,correct_positive,ok,inferiority_claim|protected_target,False,0,0,Refugee Women are trash
qwen3.5-4b,333,dynahate,1,0,false_negative,ok,none,False,0,0,g@ys just lik3 to sl33p [USER]
qwen3.5-4b,334,measuring_hate_speech,0,0,correct_negative,ok,quote_or_report,False,0,0,"""they open the door of the [TAG] to every oppressing transgressor and shut the gates of prison over noble free men of god."" don't forget the imprisoned scholars in your du'as tonight! [EMOJI] url"
qwen3.5-4b,335,toxic_spans,0,1,false_positive,ok,inferiority_claim|protected_target|exclusion,False,0,0,"Looks like we'll be sacrificed to try and appease the exposed elite (see pizzagate). And isn't it odd that Trudeau's foundation looks like it models EXACTLY the corrupt [ORG]? Pay for play. Even the name is the same. How stupid are they? But seriously, kill every Canadian and it won't change the climate one bit. So yes this is absolutely ludicrous. Enjoy trying to feed your family and heat your homes."
qwen3.5-4b,336,davidson,0,1,false_positive,ok,inferiority_claim|protected_target,False,0,0,[USER] I called people kikes and a lot of fucks
qwen3.5-4b,337,hatexplain,0,0,correct_negative,ok,none,False,0,0,i swear the domestic violence relationships be lasting a life time 😭
qwen3.5-4b,338,toxic_spans,0,0,correct_negative,ok,none,False,0,0,"You sir are have made an imbecilic comment (is that a even word?). That makes zero sense my friend. Anyhow idiots will be idiots. The guy couldn't pass the academy (assumption cause really who wants to be a CO right?) so he had to settle for a job that would satisfy his need for power over others. Investigators will probably find he abused his authority over criminals (though I find it hard to feel sorry for them). The law is the law and we as Gun owners must respect the law. In [LOCATION] is lucky he didn't get 2 in the chest for his dumb actions. In the interior a good amount are likely packing and are not afraid to protect themselves. Please remember the ""Stand your ground law"" is the law around these parts pal. Anyhow, keeping guns out the hands of those legally allowed to carry only permits Yahoo!'s like this to have power over us. Take Care Out There!!"
qwen3.5-4b,339,hatexplain,1,1,correct_positive,ok,inferiority_claim|protected_target,False,0,0,exactly i d rather die than have a nigger or sandnigger doctor
qwen3.5-4b,340,davidson,0,0,correct_negative,ok,none,False,0,0,[USER] hbic. head bitch in charge. [STYLE]
qwen3.5-4b,341,davidson,0,0,correct_negative,ok,none,False,0,0,I don't be crying over stripper bitches that left me for dudes with money tho. And. Singing about it.
qwen3.5-4b,342,convabuse,0,0,correct_negative,ok,none,False,0,0,you are cool!
qwen3.5-4b,343,hatecheck,0,0,correct_negative,ok,none,False,0,0,I will embrace you and any other trans people like you.
qwen3.5-4b,344,dynahate,1,1,correct_positive,ok,dehumanization|inferiority_claim|protected_target,False,0,0,For fuck's sake! Retards are such idiots!
qwen3.5-4b,345,dynahate,1,1,correct_positive,ok,inferiority_claim|protected_target|threat,False,0,0,"I would be ok with gay people if they only had long-term relationships, weren't fucking around and would you shut up"
qwen3.5-4b,346,measuring_hate_speech,0,1,false_positive,ok,identity_attack|inferiority_claim|protected_target,False,0,0,Ash like the jews lol
qwen3.5-4b,347,hatexplain,1,1,correct_positive,ok,dehumanization|threat,False,1,0,so called [PERSON] are more interested in collecting $$ for harboring illeg aliens and importing mudslime to rape and murder us
qwen3.5-4b,348,toxic_spans,0,0,correct_negative,ok,counterspeech,False,0,0,"And you were doing so well explaining your side and than, damn you had to bring out the race card and with that you LOSE!! Better luck next time!"
qwen3.5-4b,349,toxic_spans,0,0,correct_negative,ok,none,False,0,0,Was she drunk in that interview? Or just an inept delivery of a hollow promise.
qwen3.5-4b,350,hatexplain,0,0,correct_negative,ok,none,False,0,0,i am trying to figure out why a man would go to a lesbian joint to drink coffee nope nothing
qwen3.5-4b,351,davidson,0,1,false_positive,ok,inferiority_claim|protected_target,False,0,0,my chick badder than your basic bitches
qwen3.5-4b,352,hatexplain,0,1,false_positive,ok,inferiority_claim|protected_target,False,0,0,the lil girl who got her dread cut in school lies about the whole thing i know them white ppl having a field day in the comment section smh
qwen3.5-4b,353,dynahate,1,1,correct_positive,ok,inferiority_claim|protected_target,False,0,0,this wog blush tone shouldnt be allowed in this country
qwen3.5-4b,354,davidson,0,1,false_positive,ok,inferiority_claim|protected_target,False,0,0,[USER] fight me hoe
qwen3.5-4b,355,dynahate,1,1,correct_positive,ok,inferiority_claim|protected_target,False,0,0,"Women love to BEG, SHAME and negotiate. But, they are really rubbish at negotiation."
qwen3.5-4b,356,davidson,0,1,false_positive,ok,inferiority_claim|protected_target,False,0,0,I am the real vampire nigger.
qwen3.5-4b,357,davidson,0,1,false_positive,ok,inferiority_claim|protected_target,False,0,0,DO IT DO IT! You'll still e a fag but do it(: &#8212; I'll pass Heidi. ;) [URL]
qwen3.5-4b,358,toxic_spans,0,0,correct_negative,ok,none,False,0,0,"Oh no! My argument was bad! Better pretend that wasn't the point I was making and hope no one notices! Look. You were hoisted on your own ignorant petard. The proper response would be to slink away like the russian trolls, not to get mad at someone for responding to your specific argument."
qwen3.5-4b,359,toxic_spans,0,0,correct_negative,ok,none,False,0,0,How the innocents suffered because of the witless stupidity of a single jerk.
qwen3.5-4b,360,hatexplain,0,1,false_positive,ok,inferiority_claim|protected_target,False,0,0,note how quickly the left wing hate media site nbc goes to bashing white people and citing far left hate group splc in reaction to an armenian act of violence
qwen3.5-4b,361,hatemoji_check,0,0,correct_negative,ok,none,False,0,0,I really can stand with women 😍
qwen3.5-4b,362,measuring_hate_speech,0,0,correct_negative,ok,none,False,0,0,suck my cock and balls
qwen3.5-4b,363,davidson,0,0,correct_negative,ok,none,False,0,0,My sister is such a bitch &#128514;&#9994; [URL]
qwen3.5-4b,364,davidson,0,0,correct_negative,ok,none,False,0,0,[USER] speaking of little bitch you didn't even do all your squats you little bitch kept talking to distract everyone else &#128530; &#128587;&#128064;&#128073;&#128590; icu
qwen3.5-4b,365,dynahate,1,0,false_negative,ok,none,False,0,0,I wouldn't want a cripple husband
qwen3.5-4b,366,dynahate,1,0,false_negative,ok,none,False,0,0,"Nice to see comments are now on, but it's probably because BF haven't figured out how to shut them off yet on the new system. Free speech is an absolute and this group would do well to remember it. Nationalists are entitled to ask questions, and how kosher the masters controlling this forum are; here, in [LOCATION], the ME, the [LOCATION], or elsewhere. [LOCATION], this migrant hotel debacle is just the latest in a long line of national disgrace at the hands of our globohomo overlords. Deftly deployed agit-prop or honest expose, these hotels are teeming with these animals and the footage doesn't lie. These invaders should all be considered enemy combatants and every single one should be sent back to their country of ethnic origin, or simply dropped in the ocean, it matters not so long as they aren't here..."
qwen3.5-4b,367,toxic_spans,0,0,correct_negative,ok,none,False,0,0,"So basically Doug is saying that the Christians who run the west with their War against Drugs, War against Sex, Sin , freedom of speech and even men are just as radical as the Muslims in the east with their intolerant attitude toward freedom of speech, gays, and women?"
qwen3.5-4b,368,davidson,0,0,correct_negative,ok,none,False,0,0,' when it comes to pussy I have no fucking friends' - hostel iii is really what we're watching right now
qwen3.5-4b,369,toxic_spans,0,0,correct_negative,ok,none,False,0,0,"What possesses these idiots to carry out such wanton acts of vandalism? did his mama not hug him enough, or maybe didn't give him enough cracks. These subhumans needs to be taken to Kahoolawe and live with the undetonated bombs, and he should albatross killer with him."
qwen3.5-4b,370,davidson,0,0,correct_negative,ok,none,False,0,0,Ihate a nosie bitch '
qwen3.5-4b,371,toxic_spans,0,0,correct_negative,ok,none,False,0,0,a little over a third of the Arizona electorate is registered Republican. but hey! if Mitch McConnell sez to do something McCain better do it! Cuz the Republican machine! Damn the voters!
qwen3.5-4b,372,toxic_spans,0,0,correct_negative,ok,none,False,0,0,"So you can't answer the question, huh? Prove that most black people killed by cops are killed by black cops. Let's start there with your race obsession. Let's see you provide some facts first. Killer strawman at the end, though."
qwen3.5-4b,373,davidson,0,1,false_positive,ok,identity_attack|dehumanization,True,0,0,[USER] ok!!!!! Stupid bitch
qwen3.5-4b,374,hatexplain,0,0,correct_negative,ok,none,False,0,0,<user> legal immigrants is that hard for you to understand do i need to write it in crayons
qwen3.5-4b,375,hatexplain,1,1,correct_positive,ok,identity_attack|dehumanization|inferiority_claim,True,0,0,what you think tomorrow the world will wake up to find all darkie flathead dindunuffins taking their last gasp
qwen3.5-4b,376,toxic_spans,0,0,correct_negative,ok,none,False,0,0,"Trump is an incompetent, unaware, mentally unbalanced buffoon. His quote: I'm like a smart guy. No, he's not like a smart guy, ….he's a self inflated imbecile. He is the number one threat to our nation's security. Congress should exercise it's responsibility and remove him from office now."
qwen3.5-4b,377,dynahate,1,0,false_negative,ok,none,False,0,0,females don't handle consequences very well.
qwen3.5-4b,378,toxic_spans,0,0,correct_negative,ok,none,False,0,0,Doubt it ....what's the line from [PERSON]...stupid is as stupid r's
qwen3.5-4b,379,davidson,0,0,correct_negative,ok,none,False,0,0,"He needs too! We win titles when he smacks hoes! RT [USER]: Big Ben gone smack ""another"" hoe after this lost &#128514;&#128514;&#128514; sorry [USER]"
qwen3.5-4b,380,measuring_hate_speech,0,0,correct_negative,ok,none,False,0,0,"Loser, who user gay-dars anymore, its all in the anti-gay detector 3000s now. Get yourself together"
qwen3.5-4b,381,hatemoji_check,1,1,correct_positive,ok,threat,False,0,0,Somebody should just stab those w0men
qwen3.5-4b,382,hatemoji_check,1,0,false_negative,ok,none,False,0,0,let's just [EMOJI] those [EMOJI]
qwen3.5-4b,383,dynahate,1,1,correct_positive,ok,dehumanization|identity_attack,False,0,0,I find it difficult to believe that he doesn't even speak Arabic given that she clearly looks like a sand baboon
qwen3.5-4b,384,toxic_spans,0,1,false_positive,ok,inferiority_claim|exclusion|identity_attack,False,0,0,"When our pathetic racist president [PERSON] said police acted stupidly in the [LOCATION] case he declared open season on police across [LOCATION]. He is to blame for the racial divide in [LOCATION]. And in other news , blacks continued to slaughter other blacks last weekend in [LOCATION]. Where is the protest over that ? Black lives clearly don't matter if blacks are the ones doing the killing."
qwen3.5-4b,385,toxic_spans,0,1,false_positive,ok,dehumanization|identity_attack|exclusion,False,0,0,SEND the CHICKEN to PUERTO CESSPOOL the SPICCK SCUM CAN SEE WHAT IT LOOKS LIKE---WITHOUT A PR PUNK RAPING IT LETS ALL SEND PR A LIVE CHICKEN---THEY STILL NEED SEX PARTNERS
qwen3.5-4b,386,convabuse,0,0,correct_negative,ok,none,False,0,0,my auntie carla
qwen3.5-4b,387,hatemoji_check,0,0,correct_negative,ok,none,False,0,0,Women are enlightened beings 😇
qwen3.5-4b,388,measuring_hate_speech,0,0,correct_negative,ok,none,False,0,0,There are thousands of Singaporean citizens holding green card (PR) in the US bruh
qwen3.5-4b,389,dynahate,1,1,correct_positive,ok,identity_attack|dehumanization,False,0,0,Our city is getting flooded with n!gers
qwen3.5-4b,390,convabuse,0,0,correct_negative,ok,none,False,0,0,auckland How do you know how much this emits?
qwen3.5-4b,391,hatexplain,1,1,correct_positive,ok,protected_target|inferiority_claim|threat,False,1,1,dear muslims take heed on your actions cause much is to be said to a country who has shooting ranges and women can shoot back and men can shoot natshit out of pepper so get on ur rug and pray u are gonna need it
qwen3.5-4b,392,measuring_hate_speech,0,0,correct_negative,ok,quote_or_report,False,0,0,"The n-word twitter post was probably meant to be an edgy 'joke', and then gradually the racism and bigotry turned unironic."
qwen3.5-4b,393,convabuse,0,0,correct_negative,ok,none,False,0,0,how do carbon offsets work
qwen3.5-4b,394,davidson,0,0,correct_negative,ok,none,False,0,0,"[USER] Off to the east of your current location, on an east-facing slope (dry side of a dry place)."
qwen3.5-4b,395,hatexplain,1,1,correct_positive,ok,protected_target|dehumanization|threat,False,0,0,oh really bo but you a wanker hax me lets play ball big nigger donkey
qwen3.5-4b,396,dynahate,1,1,correct_positive,ok,protected_target|inferiority_claim,False,0,0,the saying of 'all muslims are terrorists' is accurate af
qwen3.5-4b,397,dynahate,1,1,correct_positive,ok,protected_target|exclusion,False,1,0,"Roma gypsies aren't really seen in the [LOCATION] that much, let's keep it that way. I think they're mostly found in [LOCATION]."
qwen3.5-4b,398,toxic_spans,0,0,correct_negative,ok,none,False,0,0,"It's time to void that stupid decision, my opinion, that property belongs to all Alaskans not a select few, sorry. You can't just go Lay claim to a ton of land just cause your ancestors ""roamed"" those lands. Who else would permit this insanity, Canada I guess but their socialist and we are not. Cue the but hurt..."
qwen3.5-4b,399,toxic_spans,0,1,false_positive,ok,protected_target|inferiority_claim|threat,False,0,0,"Hope you get a painful disease, and then tell your poor self in the mirror how you deserve nothing. Good luck jerk!"
qwen3.5-4b,400,hatexplain,1,1,correct_positive,ok,protected_target|inferiority_claim|threat,False,0,0,problem is the jews have infinity niggers at their disposal theyve got niggers sand niggers and beaners enough to keep whites busy until you and i are dead
qwen3.5-4b,401,toxic_spans,0,0,correct_negative,ok,none,False,0,0,I love these career politicians who think they should be in office despite repeatedly losing elections. Must secretly be a masochist...
qwen3.5-4b,402,toxic_spans,0,0,correct_negative,ok,none,False,0,0,Not NURSES! Gross
qwen3.5-4b,403,toxic_spans,0,0,correct_negative,ok,none,False,0,0,"clearly dante a sick delusional liberal trolling idiot,notice all he does is cut and paste the same thing over and over and over, what a clown"
qwen3.5-4b,404,toxic_spans,0,1,false_positive,ok,inferiority_claim|identity_attack|protected_target,True,0,0,the ignorant bitch and her union thugs will not back off at all. they are making money off all this disaster.
qwen3.5-4b,405,hatexplain,1,1,correct_positive,ok,inferiority_claim|identity_attack|protected_target|threat,True,0,0,the only reason why i support electric cars is because we need to stop funneling money to these retarded camel jockeys alternatively we can just invade their countries and genocide them but somehow i think that is less likely to happen
qwen3.5-4b,406,toxic_spans,0,0,correct_negative,ok,none,False,0,0,Piece of shit post from a piece of shit poster.
qwen3.5-4b,407,toxic_spans,0,0,correct_negative,ok,none,False,0,0,"""Complete and utter BS."" Everything John publishes is BS - he is just a troll - and not even a good one at that"
qwen3.5-4b,408,convabuse,0,0,correct_negative,ok,none,False,0,0,dfgdfgd
qwen3.5-4b,409,measuring_hate_speech,0,0,correct_negative,ok,none,False,0,0,Maybe she should stop fucking stupid men.
qwen3.5-4b,410,hatexplain,1,1,correct_positive,ok,inferiority_claim|identity_attack|protected_target|threat,True,0,0,u fucking kike troll eat shit with your nazi obvious cuckfaggory
qwen3.5-4b,411,toxic_spans,0,0,correct_negative,ok,none,False,1,0,"Tim Kaine is not only a fool but apparently, a lousy lawyer too. Ditto senators like Pat Leahy who describe Russia as ""our sworn enemy"". Never in my lifetime has that been official U.S. policy toward Russia OR the [ORG]. These people have no regard for how dumb they make themselves look."
qwen3.5-4b,412,hatexplain,1,1,correct_positive,ok,identity_attack|inferiority_claim,True,0,0,ibor is dumb boomer kike shill proposition only paul nehlen shall not censor is worth a while
qwen3.5-4b,413,toxic_spans,0,1,false_positive,ok,exclusion|inferiority_claim|identity_attack,True,0,0,"For the love of God do NOT let this scumbag on our campus! Stay out of our city! You, nor any of these dumbass, inbred white-trash supremacists are wanted! YOU ARE NOT WELCOME!"
qwen3.5-4b,414,toxic_spans,0,1,false_positive,ok,threat,True,1,0,"If they don't like death threats (when they do stupid stuff), then go back to [LOCATION] (where doing stupid stuff is the norm)."
qwen3.5-4b,415,toxic_spans,0,1,false_positive,ok,identity_attack|dehumanization,True,0,0,Weewili.... you are a pathetic T - W # A * T
qwen3.5-4b,416,toxic_spans,0,0,correct_negative,ok,none,False,0,0,The ignorant and misinformed voted for Zoolander.
qwen3.5-4b,417,convabuse,0,0,correct_negative,ok,none,False,0,0,You can donate so I can buy my cream to produce more mushrooms growing in my pubes to end the war between the crabs and the worms
qwen3.5-4b,418,measuring_hate_speech,0,0,correct_negative,ok,none,False,0,0,Men getting targeted in the RIP Bianca tread right now which completely divides us and has nothing to do with remembering Bianca. Shame on you idiots that are adding fuel and misinformation to this. Not all men are monsters and women can be one too. URL
qwen3.5-4b,419,measuring_hate_speech,0,1,false_positive,ok,exclusion|threat|identity_attack,True,0,0,[USER] Robertson bitch Im American if you don't like it you get the fuck out. Go snuggle up to saudi arabia with yo kkk sheets
qwen3.5-4b,420,hatexplain,1,0,false_negative,ok,none,False,0,0,i am a w.a.r. skin do you know john detuillo he doing an l bow for stabbing a lgbtqwtf in the head and a mudshark in the head i used to hang w some american front and valkyrie front almost all of them got popped by the feds on bogus trumoed up charges
qwen3.5-4b,421,hatexplain,1,1,correct_positive,ok,dehumanization|exclusion|identity_attack|inferiority_claim|threat,False,1,0,you are a anti white non white basterdised cultural marxist psychopath no name brand we are white pedigree and dont need fups like yourself in the white race we dont want you there is no place for you in a white society please kill yourself and i am not your friend nigger
qwen3.5-4b,422,hatexplain,1,1,correct_positive,ok,identity_attack|inferiority_claim|exclusion,False,0,0,with a high purchasing currency youth could buy more stuff find a girlfriend buy a house and keep the economy going jews will put all humanity in deathcamps and slave factories if humnaity doesnt unite agains the jews and their racism against all mankind
qwen3.5-4b,423,hatemoji_check,1,1,correct_positive,ok,dehumanization|exclusion,False,0,0,Women are like 🦟
qwen3.5-4b,424,convabuse,0,0,correct_negative,ok,none,False,0,0,lol
qwen3.5-4b,425,hatexplain,1,0,false_negative,ok,quote_or_report,False,1,0,[STYLE] this dumb bitch is apologizing cuz she said nigga while doing some nigger rap song <number> years ago [EMOJI] hey bitch how about just not doing rap since that scary word is in pretty much all nigger rap
qwen3.5-4b,426,measuring_hate_speech,0,1,false_positive,ok,identity_attack|exclusion|dehumanization,False,0,0,"Gay Jew pesters geriatric smug athiest. Who fuken cares? Man, twitter sucks."
qwen3.5-4b,427,convabuse,0,0,correct_negative,ok,none,False,0,0,you cannot help me
qwen3.5-4b,428,convabuse,0,0,correct_negative,ok,none,False,0,0,when is your birthday?
qwen3.5-4b,429,convabuse,0,0,correct_negative,ok,none,False,0,0,prety much the same answers
qwen3.5-4b,430,measuring_hate_speech,0,0,correct_negative,ok,none,False,0,0,"Terrible and they should be fired. I read about the first 25 posts or so, I counted 5 racist ones (3 were super obvious, 2 were borderline). There was one with 3 white people where the cops seemed to be just as hateful towards. Seems like they're just frustrated, underpaid, power trip assholes. Doesn't make it ok, but I bet they wish the backlash against some of these idiots (like the young kid who took a bat into a store and randomly knocked someone out for fun) would be 1/4 as harsh as they were on cops."
qwen3.5-4b,431,hatexplain,1,1,correct_positive,ok,inferiority_claim|protected_target|exclusion,False,1,1,i have no idea why anyone would care about jereb whoever that is the adl on the other hand is a large and well armed force completely loyal to jews and only jews that has almost completely undermined white america the only america and must be destroyed
qwen3.5-4b,432,hatemoji_check,1,1,correct_positive,ok,threat,False,0,0,I am going to 🔪 the next trans person I see
qwen3.5-4b,433,convabuse,0,0,correct_negative,ok,none,False,0,0,"to Copenhagen awesome, thanks!"
qwen3.5-4b,434,convabuse,0,0,correct_negative,ok,none,False,0,0,hello
qwen3.5-4b,435,hatemoji_check,1,0,false_negative,ok,none,False,0,0,I have a new opinion of Muslims 😤
qwen3.5-4b,436,hatemoji_check,1,0,false_negative,ok,none,False,0,0,Gay people 😡
qwen3.5-4b,437,convabuse,0,0,correct_negative,ok,none,False,0,0,vagina
qwen3.5-4b,438,measuring_hate_speech,0,0,correct_negative,ok,none,False,0,0,If Americans don't vote this fool out of office then we deserve all of his racist crap !
qwen3.5-4b,439,measuring_hate_speech,0,1,false_positive,ok,inferiority_claim|protected_target|exclusion,False,0,0,"> he ugliest, disfigured, mentally retarded women have a far better chance of getting laid than your average looking guy. Women just have to put an ad up for sex online and there will be guaranteed hundreds of thousands of men interested because they are mostly in it for the pleasure. Meanwhile average or below average men have to try really hard just to get a DATE in the first place, let alone get laid. Jesus this post is full on incel-dom."
qwen3.5-4b,440,convabuse,0,0,correct_negative,ok,none,False,0,0,miami
qwen3.5-4b,441,measuring_hate_speech,0,1,false_positive,ok,inferiority_claim|protected_target,False,0,0,"Never mind the atrocities dealt to the First Nations, including taking their land, commiting cultural genocide and commiting regular genocide, taking them out on starlight tours and letting them freeze to death, sterilizing them without their consent or knowledge, and so on."
qwen3.5-4b,442,measuring_hate_speech,0,0,correct_negative,ok,none,False,0,0,[USER] 2 Bitch's with potty mouths!
qwen3.5-4b,443,convabuse,0,0,correct_negative,ok,none,False,0,0,you are
qwen3.5-4b,444,measuring_hate_speech,0,0,correct_negative,ok,none,False,0,0,[USER] Wtf is wrong with these ppl omg
qwen3.5-4b,445,hatemoji_check,0,0,correct_negative,ok,none,False,0,0,Those kinds of bullies ought to be 🔫
qwen3.5-4b,446,convabuse,0,0,correct_negative,ok,none,False,0,0,"Yes, I am sure that I would like to be a psychologist"
qwen3.5-4b,447,measuring_hate_speech,0,0,correct_negative,ok,none,False,0,0,"You're both straight retarded. There, problem solved. Fuck off. Oh, and shove those downvotes straight up your asses."
qwen3.5-4b,448,measuring_hate_speech,0,0,correct_negative,ok,none,False,0,0,Yea aweful americans standing up to protect their country from radicals. RACIST
qwen3.5-4b,449,convabuse,0,0,correct_negative,ok,none,False,1,0,My name is [PERSON]'s gonzalez
qwen3.5-4b,450,measuring_hate_speech,0,0,correct_negative,ok,quote_or_report,False,1,0,"[PERSON] said niggas always tryna ""you ain't even fat"" they way into some pussy 😂"
qwen3.5-4b,451,convabuse,0,0,correct_negative,ok,none,False,0,0,Amsterdam
qwen3.5-4b,452,convabuse,0,0,correct_negative,ok,none,False,0,0,Stockholm
qwen3.5-4b,453,measuring_hate_speech,0,0,correct_negative,ok,none,False,0,0,LESBIANS DONT WANT TO DATE MEN ARE YALL FUCKING DUMB
qwen3.5-4b,454,measuring_hate_speech,0,0,correct_negative,ok,none,False,0,0,White supremacists are terrorists! Why are we not shipping them out of our country?? URL
qwen3.5-4b,455,convabuse,0,0,correct_negative,ok,none,False,0,0,nice to meet u
qwen3.5-4b,456,measuring_hate_speech,0,0,correct_negative,ok,none,False,0,0,[STYLE] this nigga is hilarious [EMOJI] url
qwen3.5-4b,457,measuring_hate_speech,0,0,correct_negative,ok,none,False,0,0,Anybody out there wonder why people are fleeing NYS? Politicians like this. I think her and Schumer wanna build a wall on [LOCATION]'s southern border to stop people from leaving. And believe me Syracuse doesn't want any more illegal immigrants sucking off the taxpayers!
qwen3.5-4b,458,measuring_hate_speech,0,0,correct_negative,ok,none,False,0,0,"They won't put any energy into immigration reform because they want power that illegal immigrants can give them. There care nothing about the American people, NOTHING!!! Sorry, pathetic people sitting in our house! Liars, cheaters, divides, anti semitic rhetoric, god the list goes on!"
qwen3.5-4b,459,convabuse,0,0,correct_negative,ok,none,False,0,0,nice
qwen3.5-4b,460,measuring_hate_speech,0,0,correct_negative,ok,none,False,0,0,And still deafening silence from [PERSON] at [LOCATION] to Bilawal Bhutto Govt in [LOCATION]. This shocking news might have caused huge hue&cry and emergency in any decent country. In [LOCATION] is as usual bcz these are children of lesser god who r counted only @ polls time. URL
qwen3.5-4b,461,measuring_hate_speech,0,1,false_positive,ok,inferiority_claim|protected_target,False,1,1,"I can see the link to Saudi Arabia, Muhammad was also a pedophile. A sanctuary in case he had to flee."
qwen3.5-4b,462,measuring_hate_speech,0,0,correct_negative,ok,none,False,0,0,see autism high function is still fuck sh8t and i wanna die every day
qwen3.5-4b,463,measuring_hate_speech,0,1,false_positive,ok,inferiority_claim|exclusion|protected_target,False,0,0,China is teaching young African boys ancient martial arts that were passed down from father to son and perfected for millennia. You're putting your [AGE] son in pink frilly dresses and calling him a little girl because the TV told you to. URL
qwen3.5-4b,464,measuring_hate_speech,0,1,false_positive,ok,inferiority_claim|protected_target,False,0,0,[USER] I am also a Hindu and I think u are mentally sick and stupid URL u think other Hindus also think like you or maybe sick and stupid like you?
qwen3.5-4b,465,convabuse,0,0,correct_negative,ok,none,False,0,0,Fuck this computer
qwen3.5-4b,466,measuring_hate_speech,0,0,correct_negative,ok,none,False,0,0,homophobia is shaking
qwen3.5-4b,467,measuring_hate_speech,0,0,correct_negative,ok,none,False,0,0,I would fuck that pussy like a dog in heat
qwen3.5-4b,468,convabuse,0,0,correct_negative,ok,none,False,0,0,you gimp
qwen3.5-4b,469,measuring_hate_speech,0,1,false_positive,ok,inferiority_claim|exclusion|protected_target,False,0,0,"Stupid Europeans, as their Countries are taken over & given to parasites, as their Women are raped & laws,ignored, as they are replaced, this is what they follow."
qwen3.5-4b,470,convabuse,0,0,correct_negative,ok,none,False,0,0,what does eliza stand for?
qwen3.5-4b,471,measuring_hate_speech,0,0,correct_negative,ok,quote_or_report,False,0,0,We stand for Trump. Ur squad is full of chumps. Keep talking shit and these illegals will get some lumps.... Wait hold up. Is this not the rap battle?
qwen3.5-4b,472,measuring_hate_speech,0,1,false_positive,ok,identity_attack|protected_target,False,0,0,[USER] Shut the fuck up kike I'm an Islamic art posting page you degenerate
qwen3.5-4b,473,convabuse,0,0,correct_negative,ok,none,False,0,0,what about
qwen3.5-4b,474,measuring_hate_speech,0,0,correct_negative,ok,counterspeech,False,0,0,>My culture isnt superior to others. You called it a degeneracy.
qwen3.5-4b,475,convabuse,0,0,correct_negative,ok,none,False,0,0,co
qwen3.5-4b,476,measuring_hate_speech,0,0,correct_negative,ok,none,False,0,0,"calling God's word retarded, lemme know how that turns out for ya"
qwen3.5-4b,477,convabuse,0,0,correct_negative,ok,none,False,0,0,My brother broke his arm
qwen3.5-4b,478,convabuse,0,0,correct_negative,ok,none,False,0,0,how are you?
qwen3.5-4b,479,convabuse,0,0,correct_negative,ok,none,False,0,0,will you fuck me?
qwen3.5-4b,480,measuring_hate_speech,0,0,correct_negative,ok,none,False,0,0,People on /r/hiphopheads are calling it AOTY too Those people are me
qwen3.5-4b,481,measuring_hate_speech,0,0,correct_negative,ok,none,False,1,0,"seriously, since the las vegas, i don't remember any other racial mass-shooter profiles. all white male+incel+white supremacy+racist+hatred+domestic terrorists. how many innocent ppl should die cuz of this stupid bullshit! #GunControlNow URL"
qwen3.5-4b,482,measuring_hate_speech,0,1,false_positive,ok,inferiority_claim|exclusion|identity_attack|protected_target,True,0,0,"niggies of slave origin and off the boat bobos, should leave my country and make Africa a lesser shithole"
qwen3.5-4b,483,convabuse,0,0,correct_negative,ok,none,False,0,0,do you liek sex?
qwen3.5-4b,484,convabuse,0,0,correct_negative,ok,none,False,0,0,Because i donty like you
qwen3.5-4b,485,convabuse,0,0,correct_negative,ok,none,False,0,0,give me a fuck
qwen3.5-4b,486,convabuse,0,0,correct_negative,ok,none,False,0,0,i want to kill eliza
qwen3.5-4b,487,toxic_spans,0,0,correct_negative,ok,none,False,0,0,"Wow -- After reading this interview, now I understand why air canada service sucks."
qwen3.5-4b,488,convabuse,0,0,correct_negative,ok,none,False,0,0,I want to fuck.
qwen3.5-4b,489,toxic_spans,0,0,correct_negative,ok,none,False,0,0,"The ESPN story just broke a few hours ago, so I'd give The DP some more time to post it. FWIW, I'm as liberal as they get and I did a big eye roll when CNN reported the Lee story. It's ridiculous."
qwen3.5-4b,490,convabuse,0,0,correct_negative,ok,none,False,0,0,SHIT
qwen3.5-4b,491,convabuse,0,1,false_positive,ok,inferiority_claim|protected_target,False,0,0,U r pretty shitty
qwen3.5-4b,492,convabuse,0,0,correct_negative,ok,none,False,0,0,does mia want to get into your pants
qwen3.5-4b,493,convabuse,0,1,false_positive,ok,inferiority_claim|protected_target,False,0,0,You're a total bitch/
qwen3.5-4b,494,convabuse,0,0,correct_negative,ok,none,False,0,0,yes
qwen3.5-4b,495,toxic_spans,0,1,false_positive,ok,inferiority_claim|exclusion|identity_attack|protected_target,False,1,0,"Ridiculous this is the death nail in the coffin for the Federal Liberals. They die forever now. We are straght up being destroyed, our quality of life is severely deteriotaing and these clowns, many immigrants themselves, in the Federal government are telling us to send in more immigrants? NO! We are fed up, Heated tents for foreign illegal immigrants, nothing for our own homeless. These people in the Liberal Party HATE US ALL who were born here. My ancestors fled Stalin. Stalin used foreign immigrants to destroy local populations and remake them as he saw [PERSON]. My ancestors fled that, now Trudeau is bringing Stalin here."
qwen3.5-4b,496,convabuse,0,0,correct_negative,ok,none,False,0,0,fuck
qwen3.5-4b,497,convabuse,0,1,false_positive,ok,inferiority_claim|protected_target,False,0,0,You are an imbosile
qwen3.5-4b,498,convabuse,0,0,correct_negative,ok,none,False,0,0,jerk
qwen3.5-4b,499,convabuse,0,0,correct_negative,ok,none,False,0,0,yoyr gay
qwen3.5-4b,500,convabuse,0,0,correct_negative,ok,none,False,0,0,My penis still itches
qwen3.5-4b,501,convabuse,0,0,correct_negative,ok,none,False,0,0,who's the idiot responsible for this program
qwen3.5-4b,502,convabuse,0,0,correct_negative,ok,none,False,0,0,there was a time were all the people in the world were gay and so were u hahahahahaha
qwen3.5-4b,503,convabuse,0,0,correct_negative,ok,none,False,0,0,Cunt
qwen3.5-4b,504,toxic_spans,0,0,correct_negative,ok,none,False,0,0,No good deed goes unpunished. Yet the police do nothing about the idiots with rolling carts and signs peddling their services from the streets of Waikiki or pan handlers at intersections.
qwen3.5-4b,505,convabuse,0,0,correct_negative,ok,none,False,0,0,Kan dekoder modificeres til at kunne tage klumper af data med flere sessions ?
qwen3.5-4b,506,convabuse,0,0,correct_negative,ok,none,False,0,0,hjhjk;yugtui
qwen3.5-4b,507,toxic_spans,0,0,correct_negative,ok,none,False,0,0,Lock them up!
qwen3.5-4b,508,convabuse,0,0,correct_negative,ok,none,False,0,0,You are teasing me.
qwen3.5-4b,509,convabuse,0,0,correct_negative,ok,none,False,0,0,Well good for you
qwen3.5-4b,510,convabuse,0,0,correct_negative,ok,none,False,0,0,my bals
qwen3.5-4b,511,toxic_spans,0,0,correct_negative,ok,none,False,0,0,Capitol? Uneducated fool.
qwen3.5-4b,512,toxic_spans,0,0,correct_negative,ok,none,False,0,0,"Nazi was an acronym for nationalist socialist. But that didn't mean they were Socialists. They were right-wing fascists. ISIS does not represent anybody but a group of radical idiots. Get educated, and get back to me with a reasonable argument if you have one."
qwen3.5-4b,513,convabuse,0,0,correct_negative,ok,none,False,0,0,I sit on s pot to go poop
qwen3.5-4b,514,toxic_spans,0,0,correct_negative,ok,none,False,1,0,I guess the Russians undermined Bernies campaign and wrote [PERSON]'s idiotic emails.
qwen3.5-4b,515,toxic_spans,0,0,correct_negative,ok,none,False,0,0,"If that was only the case. Instead, like a typical Trumpnut, all you injected into the conversation was meaningless bullshit."
qwen3.5-4b,516,toxic_spans,0,0,correct_negative,ok,none,False,0,0,"con. we will likely never agree on this one. i do find it a bit amusing that you manage to criticize ms [PERSON] because she did well in the debate. she was well informed, articulate, poised and very statespersonlike. yet, you twist that to be detrimental. had she, like trump, been unprepared, nervous, rude, and ill-at-ease for the entire debate, you would have criticized that. she did very well, so, instead, you are saying, in essence, ""clinton did badly because she did so well. she had no business being so well prepared. she had no business being so poised."" you have really made it clear ""she's damned if she does (do well) and damned if she doesn't. btw: i rather tire of being dismissed as just ""another democratic party sheep""; following the party line. such comments trivialize my views and are, to me, insulting. all my life i've developed and presented my views and my opinions.smart.dumb.good.bad? whatever, but, i've always reached them for myself .regards, g"
qwen3.5-4b,517,toxic_spans,0,0,correct_negative,ok,none,False,0,0,"Another Obama failure, I remember being sick to my stomach when the story first came out. Time magazine had done a featured article on the men who had died looking for this moron."
qwen3.5-4b,518,convabuse,0,0,correct_negative,ok,none,False,0,0,vai te pra puta que te pariu bot imundo do caralho
qwen3.5-4b,519,toxic_spans,0,0,correct_negative,ok,none,False,0,0,she was hiding in her cave waiting for the right time to come out with a well structured lie! she should have tried another move. this is damn old school!
qwen3.5-4b,520,toxic_spans,0,0,correct_negative,ok,none,False,0,0,"Yes, very bright, maybe Obama was not as ineffectual and weak like Jimmy Carter. But close."
qwen3.5-4b,521,convabuse,0,0,correct_negative,ok,none,False,0,0,ghjhgj
qwen3.5-4b,522,toxic_spans,0,0,correct_negative,ok,none,False,0,0,"With jerks like this prof, our UAA system is doomed. His peers should work to get him out of the university ASAP. Stupid is as stupid does. I'd bet this man thinks he's a real sophisticated, highly educated man. Wow, his common sense must have disappeared if it ever existed, maybe he's eating his paints?"
qwen3.5-4b,523,convabuse,0,0,correct_negative,ok,none,False,0,0,Does it please you to believe I am not inteligent niels is gay and martijn is a nerd and furthermore loth is the man plus im going to trow i in a vulcano?
qwen3.5-4b,524,convabuse,0,0,correct_negative,ok,none,False,0,0,Raping a four-year-old is mean!
qwen3.5-4b,525,convabuse,0,0,correct_negative,ok,none,False,0,0,cause i am having sexual frustration
qwen3.5-4b,526,toxic_spans,0,0,correct_negative,ok,none,False,0,0,"The whole idea is stupid.It's like inviting Italian immigrants,and telling them they cannot cook pasta,listen to opera,and dress a certain way that they like to dress. Inviting Islam to the West is the stupidest idea in the history of ideas,and Merkel is a fool for even trying. Had she known anything about history,perhaps she would not have made the mistakes she has made. Wake up,people!! Read a book!"
qwen3.5-4b,527,convabuse,0,0,correct_negative,ok,none,False,0,0,cc dit me may
qwen3.5-4b,528,convabuse,0,0,correct_negative,ok,none,False,0,0,are you gay
qwen3.5-4b,529,convabuse,0,0,correct_negative,ok,none,False,0,0,no i am not you egit
qwen3.5-4b,530,convabuse,0,0,correct_negative,ok,none,False,0,0,well my butt smells like flowers
qwen3.5-4b,531,convabuse,0,0,correct_negative,ok,none,False,3,3,L o st themdink frving
qwen3.5-4b,532,convabuse,0,0,correct_negative,ok,none,False,2,2,cc dmm
qwen3.5-4b,533,convabuse,0,0,correct_negative,ok,none,False,1,1,is there a gug?
qwen3.5-4b,534,convabuse,0,0,correct_negative,ok,none,False,0,0,because you bud is shity
qwen3.5-4b,535,tweet_eval_hate,0,0,correct_negative,ok,none,False,0,0,[USER] don't stop believin [TAG] [TAG] 852
qwen3.5-4b,536,tweet_eval_hate,0,0,correct_negative,ok,none,False,0,0,First thing they say is that you a hoe . Bitch where...
qwen3.5-4b,537,tweet_eval_hate,0,0,correct_negative,ok,none,False,0,0,"sen cory booker, dem 2020 hopeful, caught in [LOCATION]. said he was risking his position as senator by exposing classified info; although he knew the info was not classified.bookerliarempty suit. [TAG] [TAG] [TAG] [TAG] [TAG] [TAG] no daca"
qwen3.5-4b,538,tweet_eval_hate,1,0,false_negative,ok,none,False,0,0,Yall Trash Buckets really never warned a bitch in the TL about Haitians But EYE SEE YOU HOES
qwen3.5-4b,539,tweet_eval_hate,0,0,correct_negative,ok,none,False,0,0,i'm still not over this lmao i love this bitch w my whole heart she's my world
qwen3.5-4b,540,tweet_eval_hate,1,0,false_negative,ok,none,False,0,0,"[USER] On the way home from stealing at walmart they wreck the car they are driving with stolen plates, no insurance and no drivers licence. To cover the expense, MY car insurance goes up $50 every 6 months. #SendThemBack #BuildTheWall"
qwen3.5-4b,541,tweet_eval_hate,0,1,false_positive,ok,dehumanization|inferiority_claim|protected_target,True,0,0,[USER] nah I'm not gonna call you that that's for whores you just my bitch ;)
qwen3.5-4b,542,tweet_eval_hate,1,1,correct_positive,ok,dehumanization|inferiority_claim|protected_target,True,0,0,"[USER] Yeah, bitch. Because you decided to be a filthy incestuous whore midway through it."
qwen3.5-4b,543,tweet_eval_hate,1,1,correct_positive,ok,exclusion|identity_attack|protected_target,True,0,0,#Midterms #VoteRed2018 Please remember Mollie Tibbets life was taken by an Illegal!! #BuildThatWall Please Retweet! Please Retweet! Please Retweet! [USER] [USER] [USER] [USER] [USER] [USER] [USER] [USER] RETWEET!
qwen3.5-4b,544,tweet_eval_offensive,0,0,correct_negative,ok,none,False,0,0,#Trademark Attorney [PERSON] will be in [LOCATION] the 32nd Annual [USER] conference - do get in touch if you are also attending and would like to set up a meeting #IP
qwen3.5-4b,545,tweet_eval_hate,0,0,correct_negative,ok,none,False,0,0,[USER] [USER] #BuildThatWall already
qwen3.5-4b,546,tweet_eval_offensive,0,0,correct_negative,ok,none,False,0,0,[TAG] tries new tack on [TAG] violence : [TAG] [TAG] - the [LOCATION] times [TAG] ⁦[USER] ⁦[USER] ⁦[USER] ⁦[USER] ⁦[USER]
qwen3.5-4b,547,tweet_eval_hate,1,1,correct_positive,ok,exclusion|identity_attack|protected_target,True,0,0,"Being in the country illegally is not a victimless crime. Millions of Americans, in many cases children, are having their identities stolen to enable criminal activity!#BuildThatWallIllegal immigrants cited in theft of 39 million Social Security numbers"
qwen3.5-4b,548,tweet_eval_offensive,0,0,correct_negative,ok,none,False,0,0,"[USER] stick to comedy . you weren't that funny yo start with, but that political commentary of yours is pathetic !"
qwen3.5-4b,549,tweet_eval_hate,0,0,correct_negative,ok,none,False,0,0,Definition of a whore/trash/piece of dirt/bitch
qwen3.5-4b,550,tweet_eval_hate,0,1,false_positive,ok,exclusion|identity_attack|protected_target,True,0,0,[TAG] true [TAG] [TAG] [TAG] vote dems out [TAG] [TAG] [TAG] [TAG] no amnesty [TAG] no daca [TAG] [TAG] [TAG] [TAG]
qwen3.5-4b,551,tweet_eval_hate,1,0,false_negative,ok,none,False,0,0,[USER] I'm so mad who gets me sick in summer like you're a bitch whoever it was 😂😂😂
qwen3.5-4b,552,tweet_eval_hate,0,0,correct_negative,ok,none,False,0,0,Theon greyjoy is a cunty cunt that deserves getting his dick cut off. Traitorous bitch #gameofthrones
qwen3.5-4b,553,tweet_eval_hate,1,0,false_negative,ok,none,False,0,0,Run a train ona a bitch is rape in others eyes
qwen3.5-4b,554,tweet_eval_hate,0,0,correct_negative,ok,none,False,0,0,[USER] Tucker an arrogant ahole! A Trump bitch!
qwen3.5-4b,555,tweet_eval_offensive,0,0,correct_negative,ok,none,False,0,0,"liberalismisamentaldisorder, but it is also a danger to our country. [TAG] are showing themselves to be utterly hateful. they do not care about truth, they only care about power."
qwen3.5-4b,556,tweet_eval_offensive,0,0,correct_negative,ok,none,False,0,0,"[TAG] was grinding [TAG] at a party almost 40yrs ago.you gotta love the age, of this ridiculous [TAG] movement just swear [TAG] in already and get this over with, before [TAG] have an anxiety attack like [DATE]"
qwen3.5-4b,557,tweet_eval_hate,1,0,false_negative,ok,none,False,0,0,Fucking cheating bitch whore.
qwen3.5-4b,558,tweet_eval_hate,0,0,correct_negative,ok,none,False,0,0,[USER] do you mean [TAG] or [TAG] or the legal definition of [TAG] as defined by the federal government.
qwen3.5-4b,559,tweet_eval_offensive,0,0,correct_negative,ok,none,False,0,0,"[TAG] , a [TAG] [TAG] [TAG] was very excited to report she is the proud owner and supporter of products made by [USER] [USER] [TAG] ! [TAG]"
qwen3.5-4b,560,tweet_eval_hate,1,0,false_negative,ok,none,False,0,0,"Do you think Beyoncé is nice or a bitch — A little bit of both, depends on the time Wonhoe w..."
qwen3.5-4b,561,tweet_eval_hate,0,1,false_positive,ok,inferiority_claim|exclusion,False,0,0,[USER] [USER] [USER] Weak amnesty lovers like him will keep voters away from the polls #NoDACA #NoAmnesty
qwen3.5-4b,562,tweet_eval_hate,0,1,false_positive,ok,identity_attack|dehumanization,False,0,0,"It baffles me that women allow themselves to get mistreated by ain't shit ass dudes. BITCH you beautiful, act like it!!!!"
qwen3.5-4b,563,tweet_eval_hate,0,1,false_positive,ok,inferiority_claim|exclusion,False,0,0,[ORG] to allow employees to wear 'abolish ice' pins | breitbart [TAG] [TAG] no daca no dems [TAG] [TAG] [TAG] these people are sick [TAG]
qwen3.5-4b,564,tweet_eval_hate,0,1,false_positive,ok,identity_attack|dehumanization,False,0,0,Where are you going whore? Fucking bitch. -Random stranger I walked by today. I swear I am getting grief from everyone these days.
qwen3.5-4b,565,tweet_eval_offensive,0,0,correct_negative,ok,none,False,0,0,"#CodetrainQueens Rachel joined Codetrain in 2017 and helped to organize the Codetrain App Developer Bootcamp and trained as a front end developer. Currently the community manager, she is an ardent advocate for digital skills for youth, especially women. Keep shining, Rachel!"
qwen3.5-4b,566,tweet_eval_hate,0,1,false_positive,ok,inferiority_claim|exclusion,False,0,0,"democrats are the party of hatred. they can only spew hatred and lies. democrats have no business trying to lead a country with hatred. trump has encouraged prosperity for all americans, giving us an attitude of gratitude! [TAG] [TAG] [TAG] [TAG] [TAG] no daca [TAG]"
qwen3.5-4b,567,tweet_eval_hate,0,1,false_positive,ok,inferiority_claim|exclusion,False,0,0,[USER] [USER] [USER] [USER] [USER] holy guacamole.socialism at its finest. [TAG] [USER]
qwen3.5-4b,568,tweet_eval_hate,0,1,false_positive,ok,identity_attack|dehumanization,False,0,0,Ronnie is a fucnign cunt asshole bithc I want him to get knocked out
qwen3.5-4b,569,tweet_eval_offensive,0,0,correct_negative,ok,none,False,0,0,[USER] Obvious why he is doing it quietly
qwen3.5-4b,570,tweet_eval_hate,1,1,correct_positive,ok,inferiority_claim|exclusion|identity_attack,False,0,0,"the person on the left [LOCATION] child, murdered needlessly! the person on the right is an illegal alien who needlessly murdered the innocent american child on the left! build it now [TAG]"
qwen3.5-4b,571,tweet_eval_hate,0,1,false_positive,ok,inferiority_claim|exclusion|identity_attack|protected_target,True,12,11,[USER] [USER] [USER] In my experience the most extremely-hateful-covert-racist are elderly rich ppl if they are not involved in a #GodRevering #ChristianLife #WalkAway #VoteAllDemsOut #Midterms2018 #VoteRedToSaveAmerica #DrainTheSwamp #LockThemAllUp #BuildThatWall #DeportThemAll #NeverForget #KAG
qwen3.5-4b,572,tweet_eval_hate,1,1,correct_positive,ok,inferiority_claim|exclusion|identity_attack|protected_target,True,1,1,"cruel mistress wanted, will pay 5$ a week, to be her bitch 24/7 findom [TAG] humanatm [TAG] [TAG] [TAG]"
qwen3.5-4b,573,tweet_eval_hate,0,1,false_positive,ok,inferiority_claim|exclusion|identity_attack|protected_target,True,1,1,[USER] farm rapes are real too bitch
qwen3.5-4b,574,tweet_eval_hate,1,1,correct_positive,ok,inferiority_claim|exclusion|identity_attack|protected_target,True,3,3,"then it's like i'm not finna have no lil nigga raising his voice at me. bitch, i will dog walk you like the rest of these hoes.."
qwen3.5-4b,575,tweet_eval_hate,0,1,false_positive,ok,exclusion|identity_attack|protected_target,True,1,1,And on and it goes. #BUILDTHATWALL
qwen3.5-4b,576,tweet_eval_hate,0,1,false_positive,ok,inferiority_claim|exclusion|identity_attack|protected_target,True,1,1,"funny how my whole middle school bullied me but now they either turned out weird , fat , or ugly [STYLE] my bitch karma dont know how to act [EMOJI]"
qwen3.5-4b,577,tweet_eval_hate,1,1,correct_positive,ok,exclusion|identity_attack|protected_target,True,2,2,#sendthemback take care of your #people [USER] [USER]
qwen3.5-4b,578,tweet_eval_offensive,0,1,false_positive,ok,ambiguous_context,True,1,1,[TAG] speech [TAG] should've given. [TAG] [TAG] [TAG] [TAG] [TAG] [TAG]
qwen3.5-4b,579,tweet_eval_hate,0,1,false_positive,ok,inferiority_claim|exclusion|identity_attack|protected_target,True,2,2,I'll never eat another bitch pussy as long as I'm breathing you hoes are nasty
qwen3.5-4b,580,tweet_eval_hate,0,1,false_positive,ok,exclusion|identity_attack|protected_target,True,1,1,Dont you mean #IllegalAliens
qwen3.5-4b,581,tweet_eval_hate,1,1,correct_positive,ok,dehumanization|exclusion|identity_attack,False,0,0,"[USER] fuck that bitch, go find another hoe who will actually sell you a ticket"
qwen3.5-4b,582,tweet_eval_offensive,0,0,correct_negative,ok,none,False,0,0,[TAG] you cannot ride this one out‼️🇺🇸 [TAG] [TAG] vote dems out [TAG] 🇺🇸
qwen3.5-4b,583,tweet_eval_hate,0,1,false_positive,ok,inferiority_claim|identity_attack,False,0,0,"[USER] , an ""anonymous source"" told me that [USER] flunked kindergarten; but he was passed on w/the help of affirmative action.and, because his teacher didn't want to deal w/the little brat any more. [TAG] [TAG] [TAG] [TAG] [TAG] [TAG] [TAG] [TAG] no daca"
qwen3.5-4b,584,tweet_eval_hate,0,1,false_positive,ok,dehumanization|exclusion|identity_attack,False,0,0,Don't nothing move til I sign you hoes mightiest well be my side bitch 😍😘💸💰
qwen3.5-4b,585,tweet_eval_hate,0,1,false_positive,ok,dehumanization|exclusion|identity_attack,False,0,0,[USER] [USER] you go and lick the shoe of italian bitch
qwen3.5-4b,586,tweet_eval_offensive,0,0,correct_negative,ok,none,False,0,0,[USER] 'cause everyone knows a real leader falls into a van like a sack of potatoes.....
qwen3.5-4b,587,tweet_eval_hate,0,1,false_positive,ok,inferiority_claim|identity_attack|exclusion,False,0,0,[USER] dan my [TAG] was [TAG] 2x in [TAG] wrong card then pollster pulls lever in dem machine?one [TAG] one for [TAG] #stinksin#delaware#coons#carney#crooked [TAG] pals [TAG] here no daca too many [TAG] voting today how many in [TAG] ?
qwen3.5-4b,588,tweet_eval_offensive,0,0,correct_negative,ok,none,False,0,0,[TAG] ruthlessly continues [TAG] onslot. where's the honest analysis? right here! [TAG] [TAG] [TAG] [TAG] [TAG] [TAG] [TAG] [TAG] [TAG] [TAG]
qwen3.5-4b,589,tweet_eval_offensive,0,0,correct_negative,ok,none,False,0,0,"30. By people disguised as good guys, wearing all black, no concern of bystanders being shot - FBI, Antifa, Vegas shooting"
qwen3.5-4b,590,tweet_eval_hate,1,1,correct_positive,ok,exclusion|identity_attack|inferiority_claim,False,0,0,yes! thankq! .[USER] violent criminals out! you do not have the right to be in the us! you should earn it! deportillegalimmigrants [TAG] [TAG] [TAG] [TAG] [TAG]
qwen3.5-4b,591,tweet_eval_hate,0,1,false_positive,ok,identity_attack|inferiority_claim,False,1,1,"Everyone makes the 'Are traps gay?' debate about straight dudes and trap women, but never about day dudes and cunt bois."
qwen3.5-4b,592,tweet_eval_hate,1,1,correct_positive,ok,dehumanization|exclusion,False,0,0,"To all the bitch ass hoes that hate me the most, oh yeah I hate you too"
qwen3.5-4b,593,tweet_eval_offensive,0,1,false_positive,ok,inferiority_claim|exclusion,False,0,0,"[TAG] the moment [TAG] is exposed as a fraud, expect a new accuser to surface. liberals are a one trick pony. liberalism is amental disorder"
qwen3.5-4b,594,tweet_eval_offensive,0,1,false_positive,ok,inferiority_claim|exclusion,False,0,0,[TAG] [TAG] [TAG] [TAG] the americanpeople will begin to see the [TAG] about our governmentcorruption [USER] [USER] [USER] [TAG] no redaction [TAG] [TAG] completely [TAG] [TAG] [TAG] [TAG] [TAG]
qwen3.5-4b,595,tweet_eval_hate,1,1,correct_positive,ok,dehumanization|exclusion,False,0,0,hadda unfollow that TALKIN ass bitch damn hoe you annoying
qwen3.5-4b,596,tweet_eval_offensive,0,1,false_positive,ok,inferiority_claim|exclusion,False,0,0,"#Dems are disgusting. They only believe women who accuse conservatives of abuse crimes. When liberals are accused, they ignore the accusations."
qwen3.5-4b,597,tweet_eval_offensive,0,0,correct_negative,ok,none,False,0,0,#nowplaying March of the Antifa - Sickboy - Shake Hands With a Clenched Fist
qwen3.5-4b,598,tweet_eval_hate,0,1,false_positive,ok,inferiority_claim|exclusion,False,0,0,"Possibly because [USER] is a whoring son-of-a-bitch,ya see he's a POLICY guy & an ASSHOLE And,his time in [LOCATION]…"
qwen3.5-4b,599,tweet_eval_offensive,0,0,correct_negative,ok,none,False,0,0,[USER] [LOCATION]'s gun control is so effective it's eliminated crime completely. Not.
qwen3.5-4b,600,tweet_eval_hate,1,1,correct_positive,ok,dehumanization|exclusion,False,0,0,"And you're a hoe like you I said mind your business or get slapped, you wish it was you they was arguing over bitch…"
qwen3.5-4b,601,tweet_eval_hate,0,0,correct_negative,ok,none,False,0,0,"the ""hoe don't do it/oh my god"" and ""bitch you guessed it/you was right"" vines occupy the same spiritual plane"
qwen3.5-4b,602,tweet_eval_hate,0,1,false_positive,ok,exclusion|identity_attack|protected_target,False,0,0,Any woman voting BLUE votes for Sharia#BanSharia#BanIslam#StoptheInvasion
qwen3.5-4b,603,tweet_eval_hate,1,0,false_negative,ok,none,False,0,0,Cardi B gone have some of these hoe with a lump on their head...bitch I'll slap you
qwen3.5-4b,604,tweet_eval_offensive,0,0,correct_negative,ok,none,False,0,0,#Nattyanplaying AOZORA TRAIN - SiSH(She is so high)
qwen3.5-4b,605,tweet_eval_offensive,0,0,correct_negative,ok,none,False,0,0,[USER] [USER] [USER] [USER] [USER] Look no further than [LOCATION] or Baltimore as examples of strict gun control laws NOT being effective.
qwen3.5-4b,606,tweet_eval_hate,1,0,false_negative,ok,none,False,0,0,"miserable loves company [EMOJI] , that's why a bitch can't get an argument from me , argue with yourself hoe cause i like to fight [EMOJI]"
qwen3.5-4b,607,tweet_eval_hate,1,0,false_negative,ok,none,False,0,0,why females assume you got hoes ? like bitch ian got no hoes [EMOJI]
qwen3.5-4b,608,tweet_eval_hate,0,0,correct_negative,ok,none,False,0,0,"[USER] President Donald J. Trump. The greatest President in the history of the United States of America.Hes making America great again, AND trying to make it safe again. [USER] cares about the American people. Democrats care about Mexican citizens.#BuildThatWall #KAG2020"
qwen3.5-4b,609,tweet_eval_offensive,0,0,correct_negative,ok,none,False,0,0,[TAG] are so pathetic! innocent until proven guilty mean much? [TAG] should look at their own party if they need a rapist to hang! kavanaugh is innocent [TAG] . [TAG] are straight from the pitts of hell [EMOJI]
qwen3.5-4b,610,tweet_eval_hate,0,0,correct_negative,ok,none,False,0,0,[USER] friends ? that's my blood brother bitch . he in yo city ! i'm hours away . ill be through there tomo…
qwen3.5-4b,611,tweet_eval_hate,1,1,correct_positive,ok,dehumanization|exclusion|identity_attack,False,0,0,Shut your dumbass up bitch we all know you a hoe
qwen3.5-4b,612,tweet_eval_offensive,0,0,correct_negative,ok,none,False,0,0,[TAG] qanon [TAG] [TAG] [TAG] now comes the pain [TAG] [TAG] ellison accuser says she's been sidelined by her own party
qwen3.5-4b,613,tweet_eval_hate,0,0,correct_negative,ok,none,False,0,0,"[USER] Seriously, PM me, we patriots can to this. I've got the time and willingness to do it. #BuildThatWall"
qwen3.5-4b,614,tweet_eval_offensive,0,0,correct_negative,ok,none,False,0,0,"[TAG] : have you met [PERSON]? she's our newest [ORG] librarian. she has been putting in a lot of hours cleaning up our collections. here she is with her favorite find, a book on unique homes. if you see her, be sure to say hi!"""" [TAG]"
qwen3.5-4b,615,tweet_eval_hate,1,1,correct_positive,ok,dehumanization|exclusion|identity_attack,False,0,0,"Im going to explode if I have to listen to these entitled, privileged cunts bitch for ONE MORE SECOND about their inconvenient FREE flights"
qwen3.5-4b,616,tweet_eval_offensive,0,0,correct_negative,ok,none,False,0,0,"proud fathers with rtg bafethu i love how good y'all look with your kids, i hope you are supportive to them and their moms. im truly inspired to be the best father once im a father (if i ever become one)"
qwen3.5-4b,617,tweet_eval_hate,1,0,false_negative,ok,none,False,0,0,ICE files detainer against man suspected of shooting Fort Myers police officer via [USER] Yet another shooting of a citizen and police officer that would not/should not have happened if our laws were enforced.#DeportThemAll
qwen3.5-4b,618,tweet_eval_hate,0,1,false_positive,ok,dehumanization|exclusion|identity_attack,False,0,0,"[USER] I'll always talk to you bitch. Weve been through a lot and when I can't handle life(you know me)I know I have you, hoe! ♥️ u"
qwen3.5-4b,619,tweet_eval_hate,0,0,correct_negative,ok,none,False,0,0,build the wall now before the midterm elections [USER] [USER] [USER] [USER] [TAG] [TAG] no amnesty no dacadeal mandate everify [TAG]
qwen3.5-4b,620,tweet_eval_offensive,0,0,correct_negative,ok,none,False,0,0,"#Barbara Boxer If LIBERALS Want to Use RAPE as a Political Tactic! THEY Had Better Have Some HARD EVIDENCE! Her Word Isn't Evidence!!! Its Called [PERSON] . On that note, I Could Say ' YOU ' Cornered Me In A Bathroom, And put YOUR Hands All Over Me' 35 Years Ago. PROVE ME WRONG"
qwen3.5-4b,621,tweet_eval_hate,1,1,correct_positive,ok,identity_attack|threat,False,0,0,"[USER] [USER] Ah I see. You're from the under belly of EU, and worried about Trump? Maybe you should be more worried about getting acid thrown on your face by a rapefugee."
qwen3.5-4b,622,tweet_eval_offensive,0,0,correct_negative,ok,none,False,0,0,"3 days before BBC Radio 2’s Festival in a Day, they decide to tell us that their headline act isn’t coming anymore. Thanks a lot, now I’ve paid a fortune to see a tonne of acts who are shit and who are of no interest to me 😑👍🏻"
qwen3.5-4b,623,tweet_eval_offensive,0,0,correct_negative,ok,none,False,0,0,Always down to bond over the dani minogue target pants
qwen3.5-4b,624,tweet_eval_hate,0,0,correct_negative,ok,none,False,0,0,Hate when ppl text my phone and i don't know the number but I ask who is this and ask me a question bitch stop texting my phone whoever u r
qwen3.5-4b,625,tweet_eval_hate,1,0,false_negative,ok,none,False,0,0,don't be late with my motherfuvking glo bottle hoe . you better have that bitch ready for me at the mf door bitchh
qwen3.5-4b,626,tweet_eval_hate,1,0,false_negative,ok,none,False,0,0,[USER] if its gets you upset - hes the best man for the job. [TAG] [TAG] [TAG]
qwen3.5-4b,627,tweet_eval_hate,0,0,correct_negative,ok,none,False,0,0,the blue wave is coming if we don't build that damn wall. [TAG] & [TAG]
qwen3.5-4b,628,tweet_eval_hate,0,0,correct_negative,ok,none,False,0,0,These lil mut whores keep dickeating my man and they not even fans like bitch gtfoh
qwen3.5-4b,629,tweet_eval_offensive,0,0,correct_negative,ok,none,False,0,0,"[TAG] : welcome anna grey barbour to our women’s volleyball team! anna is a 2018 [ORG] graduate. she is studying dental hygiene at our college. we’re proud to make you a trojan, anna. good luck this season! black ngold [TAG] [EMOJI]"
qwen3.5-4b,630,tweet_eval_hate,0,0,correct_negative,ok,none,False,0,0,"abvp was floated to bypass the ban on rss. rss was banned for spreading hate and bigotry through violence and terrorism. part of abvp dna to go around beating up people, curtailing discussion etc [TAG] du [TAG]"
qwen3.5-4b,631,tweet_eval_hate,0,0,correct_negative,ok,none,False,0,0,[USER] We dont care if your meeting Jesus.Bring a vote to the floor BEFORE the mid terms so we can see who voted against the security of our country. We will vote for those who want to #BuildThatWall .It's either that or shut it down.Your work for us.
qwen3.5-4b,632,tweet_eval_hate,0,0,correct_negative,ok,none,False,0,0,hee's baacck! bama refers to himself 102 times during 64-minute speech!reminding us all how to vote: [TAG] and#pence2024 and we want to [TAG] ! via [USER]
qwen3.5-4b,633,tweet_eval_hate,0,0,correct_negative,ok,none,False,0,0,[USER] can't happen fast enough![USER] strikes again!the right people can make such a difference!best thing trump has done!no amnesty no hr392 noh4ead [TAG] #nodaca [TAG] #notnvisa
qwen3.5-4b,634,tweet_eval_hate,0,0,correct_negative,ok,none,False,0,0,Drink a whole glass of water right now bitch.
qwen3.5-4b,635,tweet_eval_hate,1,0,false_negative,ok,none,False,0,0,i am not the one defending racists. you are. you NEED knowledge. bitch suck a dick and die slow hoe.
qwen3.5-4b,636,tweet_eval_hate,1,0,false_negative,ok,none,False,0,0,"[USER] No they shouldn't. #NoDACA, #NoAmnesty.Dreamers could be allowed to apply for legal migration once deported without being penalized for their deportation. Fine. But no amnesty for anyone who's an illegal. The days ignoring illegal immigration are over. Stop it.#BuildTheWall."
qwen3.5-4b,637,tweet_eval_offensive,0,0,correct_negative,ok,none,False,0,0,[USER] [TAG] appears to be a completely testosterone-free work environment. soy boys [TAG] [TAG]
qwen3.5-4b,638,tweet_eval_offensive,0,0,correct_negative,ok,none,False,0,0,"[TAG] was fantastic! at [LOCATION]'t think i was going to like any of the finalists' shows, but ended up loving all 3. i ultimately voted for an amazing business opportunity by anna ladd. she is so funny and i really want to hear more."
qwen3.5-4b,639,tweet_eval_hate,0,0,correct_negative,ok,none,False,0,0,[USER] [USER] WELUVTRUMP TRUMP2020 MAGA KAG BUILDTHATWALL WELUVTRUMP WEGOALL
qwen3.5-4b,640,tweet_eval_offensive,0,0,correct_negative,ok,none,False,0,0,#DISARMTHEM #ANTIFA GOOD LUCK SWEETHEARTS
qwen3.5-4b,641,tweet_eval_offensive,0,0,correct_negative,ok,none,False,0,0,[TAG] . retweet if you can’t stop watching this.
qwen3.5-4b,642,tweet_eval_hate,0,0,correct_negative,ok,none,False,0,0,"MASA WALL Border Wall Design#FundTheWall#BuildThatWall For more information, go to and/or contact [USER]"
qwen3.5-4b,643,tweet_eval_hate,1,0,false_negative,ok,none,False,0,0,[USER] #NoDaca #NoAmnesty #NoAnchorBabies 2 illegals do not make a legal #BuildTheWall
qwen3.5-4b,644,tweet_eval_offensive,0,0,correct_negative,ok,none,False,0,0,now playing arise (you are good) - william murphy on or chronicles christian radio [TAG]
qwen3.5-4b,645,tweet_eval_hate,0,1,false_positive,ok,inferiority_claim|dehumanization,True,0,0,Im tired of these im a gangster ass hoes 😂😂 bitch you don't even know how to reload a gun and don't know where the safety at
qwen3.5-4b,646,tweet_eval_hate,1,1,correct_positive,ok,threat|dehumanization,True,0,0,[USER] [USER] [USER] I hope they rape ur mom bitch
qwen3.5-4b,647,tweet_eval_offensive,0,1,false_positive,ok,inferiority_claim|exclusion|identity_attack,True,0,0,"#ColinKapernaeck has done nothing but sit on his ass and complain. It’s time black people and die hard white liberals, who think they are down with the cause aka [USER] to wake the heck up or STFU! Colin is not a Civil Rights hero or martyr. No where near it."
qwen3.5-4b,648,tweet_eval_hate,1,1,correct_positive,ok,inferiority_claim|dehumanization,True,0,0,but i'll just look at god and be like.let that worthless cunt cry a fucking river until she drowns herself in it.fucking hypocrite bitch
qwen3.5-4b,649,tweet_eval_hate,1,1,correct_positive,ok,inferiority_claim|dehumanization,True,0,0,[USER] [USER] sorry the only hoe here is you i been called your hands you scary ass bitch.
qwen3.5-4b,650,tweet_eval_hate,0,0,correct_negative,ok,none,False,0,0,"what is it with the eyes, it is so weird, they all them, popping out of head [USER] [USER] [TAG] [TAG] boycott nike boycott nfl [TAG] now"
qwen3.5-4b,651,tweet_eval_hate,0,0,correct_negative,ok,none,False,2,0,the latest immigration-news! thanks to [USER] [USER] [USER] [TAG] [TAG]
qwen3.5-4b,652,tweet_eval_hate,0,0,correct_negative,ok,none,False,1,0,"yeah, she says that until some [TAG] boots walks all over her. note, that is [TAG] of her to wish for the demise of a race. its not ok."
qwen3.5-4b,653,tweet_eval_offensive,0,0,correct_negative,ok,none,False,2,0,[TAG] public charge rule has been law for 109 years u.s social safety net was designed to support u.s citizens not to finance foreigners lives in [LOCATION].s [TAG] [TAG] . via [USER]
qwen3.5-4b,654,tweet_eval_offensive,0,0,correct_negative,ok,none,False,2,0,[TAG] [TAG] just a quick reminder that i'm doing a giveaway for anyone attending clexaconlondon. if you are interested in [LOCATION]'s improv workshop just dm me or reply and i will put you in the draw for a free ticket. entries close midnight 30/09 gmt
qwen3.5-4b,655,tweet_eval_hate,0,0,correct_negative,ok,none,False,1,0,[USER] Perro stop acting like I don't always chop u up Bitch
qwen3.5-4b,656,tweet_eval_offensive,0,0,correct_negative,ok,none,False,1,0,[USER] I BET she is a lot safer when she has sex now tho ? Or she wouldn’t have just one but a few kids . Why cant moms get dicked down too ?
qwen3.5-4b,657,tweet_eval_hate,0,0,correct_negative,ok,none,False,0,0,I'm not about to wash a grown ass man dishes. Bitch I don't live with you or contributed to that filth. Hoe you NAS…
qwen3.5-4b,658,tweet_eval_hate,1,0,false_negative,ok,none,False,2,0,100 Bangladeshi Nationals Apprehended near [LOCATION] in [DATE] | | There has to be an especially nefarious reason for all the Bangladeshis & Indians violating our border. [LOCATION] from home. Time to thank #ICE #CBP #DHS #BuildTheWall #DeportThemAll
qwen3.5-4b,659,tweet_eval_hate,0,0,correct_negative,ok,none,False,0,0,He's an asshole anyway. He's in the army and sees everyone else as being far below him. He's so full of himself and he's an unfunny cunt.
qwen3.5-4b,660,tweet_eval_hate,0,0,correct_negative,ok,none,False,1,0,nigga im hoott dont speak on me you bitch ass nigga . niggas die for that shit you ready for that life hoe ass nigga
qwen3.5-4b,661,tweet_eval_hate,0,0,correct_negative,ok,none,False,0,0,"[USER] Yes, walls can do just that. #BuildThatWall"
qwen3.5-4b,662,tweet_eval_hate,0,0,correct_negative,ok,none,False,0,0,[USER] [USER] [USER] [USER] [USER] [USER] [USER] [USER] [USER] [USER] [USER] [USER] [USER] [USER] [USER] [USER] [USER] [USER] please follow back turnout2018 [TAG] [TAG] [TAG] [TAG]
qwen3.5-4b,663,tweet_eval_hate,1,1,correct_positive,ok,inferiority_claim|threat,True,0,0,too many immigrants unlicensed to kill [TAG] [TAG] #transportation [TAG] [USER] [USER]
qwen3.5-4b,664,tweet_eval_hate,1,1,correct_positive,ok,exclusion|inferiority_claim|protected_target,True,0,0,[USER] they don't look mistreated. give it up. they aren't migrant they are illegal. [TAG] deportthemall [TAG] [TAG] [TAG] [TAG] [TAG]
qwen3.5-4b,665,tweet_eval_hate,1,0,false_negative,ok,none,False,0,0,We need to show people more of what's really happening in the EU countries who have open borders! [USER] [USER] [USER] [USER] [USER] [USER] #BuildThatWall #WakeUpAmerica [USER] #MAGA #TuesdayThoughts
qwen3.5-4b,666,tweet_eval_hate,1,1,correct_positive,ok,exclusion|inferiority_claim|protected_target,True,0,0,[USER] [USER] those people invaded us! they do not beling here & have no rights! its [TAG] ! [ORG] to them if your that ignorant! & yes im a christian too! nodaca!
qwen3.5-4b,667,tweet_eval_hate,0,0,correct_negative,ok,none,False,0,0,"[USER] saying ""Trump's a bitch, I'll make his whole brand go under!"" Back in [LOCATION] so much bet…"
qwen3.5-4b,668,tweet_eval_hate,1,1,correct_positive,ok,exclusion|inferiority_claim|protected_target,True,0,0,[USER] And this is exactly how it should be in [LOCATION]!! Crime is low in [LOCATION] but all the scumbags come to to commit crimes as they know they can get away with it - THEY NEVER RETURN!!! #stopimmigration
qwen3.5-4b,669,tweet_eval_hate,0,0,correct_negative,ok,none,False,0,0,[USER] My bitch brother.
qwen3.5-4b,670,tweet_eval_hate,1,1,correct_positive,ok,exclusion|inferiority_claim|protected_target,True,0,0,[USER] [USER] [USER] [USER] #IllegalAliens are destroying the World. #NoDaca #BuildTheWall #1a
qwen3.5-4b,671,tweet_eval_hate,0,1,false_positive,ok,inferiority_claim|threat,False,0,0,i need a bad bitch to rape me today.
qwen3.5-4b,672,tweet_eval_hate,1,1,correct_positive,ok,exclusion|identity_attack|inferiority_claim,False,0,0,Unbelievable.Why are #Americans going through this when I know #Illegal are getting everything for free. I even know elderly #IllegalAliens receiving #SocialSecurity when never worked a day in #America WHY? #VoteRedToSaveAmerica #Veterans #NeverForget #AmericansOverIllegals
qwen3.5-4b,673,tweet_eval_offensive,0,1,false_positive,ok,exclusion|identity_attack,False,0,0,"#Conservatism101 It's not about our disagreements with #Conservatives. Its that Conservatives can't debate honestly, and they have no integrity. Whatever gets them thru today, is all that matters to them. They're fundamentally dishonest people."
qwen3.5-4b,674,tweet_eval_hate,0,0,correct_negative,ok,none,False,0,0,"new blog post: liberals? answers, please.how about an honest debate on the issues, & explain ""resist"" and ""impeach trump"" in more detail than a bumper sticker. [TAG] [TAG] [TAG] [TAG] [TAG] [TAG] no daca [TAG] [TAG] [TAG] [TAG]"
qwen3.5-4b,675,tweet_eval_hate,1,1,correct_positive,ok,exclusion|identity_attack,False,0,0,"where is this? brazil? uganda? sudan? nope, it is france. got to love that cultural enrichment thing going on. [TAG] refugeesnotwelcome [TAG]"
qwen3.5-4b,676,tweet_eval_offensive,0,0,correct_negative,ok,none,False,0,0,[USER] [TAG] has always been nothing more than a [TAG]
qwen3.5-4b,677,tweet_eval_hate,1,1,correct_positive,ok,inferiority_claim|threat,False,0,0,"[USER] I'm convinced the rapefugee invasion is an integral stage leading to this, considering their victims tend to be minors. More exposure to an idea, whether positive or negative, has a normalizing effect on the masses."
qwen3.5-4b,678,tweet_eval_hate,0,0,correct_negative,ok,none,False,0,0,Salmon cost P400 per 1/4 size of the whole fish. And i was like Okay bitch no money needs to waste.
qwen3.5-4b,679,tweet_eval_offensive,0,1,false_positive,ok,exclusion|identity_attack,False,0,0,"christian [TAG] – if we go by [TAG] ’s example, where liberals support open borders, i guess conservatives support school shootings. please explain how this makes america great again."
qwen3.5-4b,680,tweet_eval_hate,0,1,false_positive,ok,exclusion|identity_attack,False,0,0,[USER] [USER] [USER] [USER] [USER] one man's conspiracy is another man's truth.buy from in and out internet bill of rights [TAG] [TAG] [TAG] [TAG] #2a [TAG] chain deportation [TAG] national reciprocity #1a [TAG] boycott nfl
qwen3.5-4b,681,tweet_eval_hate,0,1,false_positive,ok,inferiority_claim|protected_target,False,1,1,[USER] [TAG] [TAG] 2020 usa! usa! usa! usa! [TAG] nodaca [TAG] please remember the only reason the left the libtards the democrats are so triggered and resistant is because their criminal murderous candidate didn't win that's it that's the only reason!
qwen3.5-4b,682,tweet_eval_hate,1,1,correct_positive,ok,exclusion|protected_target,False,0,0,Time to Stop Illegals from using kids as a get out of jail card #Detain and Deport Never let them see a U.S City Stop #CatchNRelease #SendThemBack ASAP #Trump #MAGA #RedNationRising #Immigration No Illegals
qwen3.5-4b,683,tweet_eval_hate,0,1,false_positive,ok,identity_attack|protected_target,False,0,0,[USER] His whole argument is that it wasn't that bad because mostly gay people died from it. He's a cunt.
qwen3.5-4b,684,tweet_eval_hate,0,1,false_positive,ok,exclusion|protected_target,False,0,0,[USER] [TAG] [USER] no amnesty no daca [TAG] [TAG] vote 2018 midterms vote out [USER] [TAG] [USER] [USER] rhinos [TAG] usa moving to joined march 2009 born on [DATE]
qwen3.5-4b,685,tweet_eval_hate,1,1,correct_positive,ok,exclusion|identity_attack|protected_target,False,6,0,"#ChildSexTrafficking #IllegalAliens #ChildTrafficking #WakeUpAmerica THEY ARE HERE TO KILL OUR KIDS BECAUSE [PERSON], [PERSON], [PERSON] KILLED THEIR FAMILIES IN [LOCATION]! This war started in [LOCATION] WHEN THE MUSLIM PIRATES ATTACKED OUR NAVY SHIPS WAR [DATE]"
qwen3.5-4b,686,tweet_eval_hate,1,1,correct_positive,ok,inferiority_claim|protected_target,False,0,0,"i hate a ""i can't have no ugly friends ass bitch"" like you just a rihanna lookin hoe [EMOJI] ️ [EMOJI]"
qwen3.5-4b,687,tweet_eval_offensive,0,0,correct_negative,ok,none,False,0,0,[TAG] is recruiting for a designated [TAG] organization
qwen3.5-4b,688,tweet_eval_offensive,0,0,correct_negative,ok,quote_or_report,False,0,0,". JEFF SESSIONS: ‘LISTEN TO THE ACLU, ANTIFA, BLACK LIVES MATTER’ IF YOU WANT MORE CHICAGO SHOOTINGS ."
qwen3.5-4b,689,tweet_eval_offensive,0,0,correct_negative,ok,none,False,0,0,[USER] The kindest explanation is that he is tone-deaf. It's hard to feel kind when he and his ilk do this repeatedly.
qwen3.5-4b,690,tweet_eval_hate,1,1,correct_positive,ok,exclusion|protected_target,False,2,0,non sense we do not want this in [LOCATION]. muslim ban no people from these countries should be allowed without proper vetting. it is really scary imagine [TAG] #enddiversity#endchainmigration
qwen3.5-4b,691,tweet_eval_hate,1,0,false_negative,ok,none,False,0,0,[USER] StopImmigration
qwen3.5-4b,692,tweet_eval_hate,1,1,correct_positive,ok,dehumanization|exclusion|inferiority_claim|threat,False,0,0,when are we going to get rid of the invaders? the parasites? this scourge in our land?what're we waiting for?!deport them all dobbs [TAG] [TAG] [TAG] [TAG] [USER] [USER] [USER] [USER] [USER] [USER]
qwen3.5-4b,693,tweet_eval_hate,1,0,false_negative,ok,none,False,0,0,[USER] [USER] bitch thats my cousin hoe cool your beans!
qwen3.5-4b,694,tweet_eval_hate,1,0,false_negative,ok,none,False,0,0,You hit the hoe she lay there I hit the bitch she fuck back And boy She is noisy I can't shut her up And boy she annoys me
qwen3.5-4b,695,tweet_eval_hate,1,1,correct_positive,ok,exclusion|identity_attack,False,0,0,"""""""fascists bastards, salvini and all you people i spit in your face"""" the cultural enrichment of immigration. [TAG] [TAG] """
qwen3.5-4b,696,tweet_eval_hate,1,1,correct_positive,ok,exclusion|inferiority_claim|threat,False,0,0,watch this [TAG] journalist [TAG] : ethnic [TAG] will become minority in 2 to 3 decades let this be a warning to germany and the rest of [TAG] stop this madness refugees not welcome [TAG] [TAG] [TAG] #rt
qwen3.5-4b,697,tweet_eval_offensive,0,0,correct_negative,ok,none,False,0,0,"#TheArchers I want to be brilliant at [LOCATION] kick the shit out of everyone"""""""""
qwen3.5-4b,698,tweet_eval_hate,1,1,correct_positive,ok,inferiority_claim|exclusion,False,0,0,[USER] let all the do gooders house them. these people do not want to work! disgraceful lazy scrounging layabouts! taxpayers footing the bill as usual [TAG]
qwen3.5-4b,699,tweet_eval_hate,1,1,correct_positive,ok,exclusion|inferiority_claim|threat,False,0,0,About Time! Non Citizens and DACA Illegals Who Voted Must be Arrested For Voter Fraud Serve their time then Deported ASAP All Forms ask you to Swear Your a Citizen they lied ! #SendThemBack #Trump #MAGA #RedNationRising #Immigration
qwen3.5-4b,700,tweet_eval_hate,1,1,correct_positive,ok,exclusion|threat,False,0,0,"[USER] I dont want any effing refugees! Not in [LOCATION], not in [LOCATION], not anywhere in the [LOCATION]! #SendThemBack!"
qwen3.5-4b,701,tweet_eval_hate,1,1,correct_positive,ok,dehumanization|exclusion|inferiority_claim,False,0,0,Then I hit the club ballin wit a bad attitude. hoes like who u think u is? I'm like bitch who is you?
qwen3.5-4b,702,tweet_eval_hate,1,1,correct_positive,ok,inferiority_claim,False,0,0,[USER] why r u such a bitch
qwen3.5-4b,703,tweet_eval_hate,1,1,correct_positive,ok,exclusion|identity_attack,False,0,0,#PresidentTrump sends more Support to help #ICE Agents 'GET THE #ILLEGALS OUT'To report #IllegalAliens CALL #ICE [PHONE]
qwen3.5-4b,704,tweet_eval_hate,1,1,correct_positive,ok,dehumanization|exclusion|inferiority_claim,False,0,0,"To all you hoes that rejected my shot this summer, you missed yo blessing Bitch"
qwen3.5-4b,705,tweet_eval_offensive,0,1,false_positive,ok,inferiority_claim,False,0,0,[USER] These are all coranated attacks from idiot loons! They will get worse much worse before the election! Can u imagine idiots who want to get rid of the economy and their 401 along with interest rates just because he is not a polished politician? Idiots!
qwen3.5-4b,706,tweet_eval_offensive,0,1,false_positive,ok,none,False,0,0,[TAG] ? fuck you all [EMOJI] que florezcan mil baby etchecopar [EMOJI]
qwen3.5-4b,707,tweet_eval_offensive,0,1,false_positive,ok,counterspeech,False,0,0,[USER] #metoo are all racist!
qwen3.5-4b,708,tweet_eval_offensive,0,1,false_positive,ok,inferiority_claim,False,0,0,believe all women just when i think things can't get dumber. this happens. liberals probably don't realize this because they are children but this isn't equality. how about we treat women an men the same. pretty sure that'll have better results for culture
qwen3.5-4b,709,tweet_eval_offensive,0,1,false_positive,ok,counterspeech,False,0,0,[TAG] [TAG] [TAG] [TAG] [TAG] [TAG] [TAG] keith ellison domestic violence accuser says democratic party doesn't believe her story
qwen3.5-4b,710,tweet_eval_offensive,0,1,false_positive,ok,counterspeech,False,0,0,"[TAG] steps into [TAG] control finally. took a [TAG] on their damn door step for their [TAG] to wake up, but better late than never."
qwen3.5-4b,711,tweet_eval_offensive,0,1,false_positive,ok,identity_attack|inferiority_claim|protected_target,False,1,1,#GeoffreyOwens niggas don’t really understand...levels to career pursuits
qwen3.5-4b,712,tweet_eval_offensive,0,1,false_positive,ok,identity_attack|inferiority_claim|protected_target,False,0,0,"[TAG] is a disciple of anthony kennedy, who [EMOJI] ed liberals w/3 unconstitutional opinions! he's trump's con to con conservatives to [EMOJI] ing [TAG] is moving right! were [USER] smart, they'd do everything to get bk the [EMOJI] . but they won't! idiots! [TAG]"
qwen3.5-4b,713,tweet_eval_offensive,0,1,false_positive,ok,identity_attack|inferiority_claim|protected_target,False,3,2,#ArunJaitleyStepDown He is most shameless #FM in [LOCATION] and audacity and shamelessness with which is lies in public is disgrace to post.
qwen3.5-4b,714,tweet_eval_offensive,0,0,correct_negative,ok,none,False,0,0,"#AmazonPets Etta can be tricky to photograph because of her colouring, but she is BEAUTIFUL and she knows it. She is in charge, has first dibs on treats, and will shout for our attention whenever she comes in the house. She kills wild rabbits but hangs out in the hutch with ours."
qwen3.5-4b,715,manual_edge,1,1,correct_positive,ok,identity_attack|inferiority_claim|protected_target|threat,False,0,0,blacks should die
qwen3.5-4b,716,manual_edge,1,1,correct_positive,ok,identity_attack|inferiority_claim|protected_target|threat,False,0,0,Muslims should leave
qwen3.5-4b,717,manual_edge,1,1,correct_positive,ok,identity_attack|inferiority_claim|protected_target|threat,False,0,0,Jews should be expelled from town
qwen3.5-4b,718,manual_edge,1,1,correct_positive,ok,identity_attack|inferiority_claim|protected_target|threat,False,0,0,gay people should be banned from schools
qwen3.5-4b,719,manual_edge,1,1,correct_positive,ok,identity_attack|inferiority_claim|protected_target|threat,False,0,0,trans people are not welcome here
qwen3.5-4b,720,manual_edge,1,1,correct_positive,ok,identity_attack|inferiority_claim|protected_target|threat,False,0,0,immigrants should be deported
qwen3.5-4b,721,manual_edge,1,1,correct_positive,ok,exclusion|identity_attack|protected_target,False,0,0,women should shut up and leave politics
qwen3.5-4b,722,manual_edge,1,1,correct_positive,ok,exclusion|identity_attack|protected_target,False,0,0,disabled people should not be allowed in public
qwen3.5-4b,723,manual_edge,1,1,correct_positive,ok,exclusion|identity_attack|protected_target,False,0,0,Roma people should be removed from the neighborhood
qwen3.5-4b,724,manual_edge,1,1,correct_positive,ok,exclusion|identity_attack|protected_target,False,0,0,Asians do not belong here
qwen3.5-4b,725,manual_edge,0,0,correct_negative,ok,quote_or_report,False,0,0,"[USER] said blacks should die, report him"
qwen3.5-4b,726,manual_edge,0,0,correct_negative,ok,quote_or_report,False,0,0,"I reported [USER] because he wrote ""blacks should die"""
qwen3.5-4b,727,manual_edge,0,0,correct_negative,ok,quote_or_report,False,0,0,"The article quoted ""Muslims should leave"" to condemn it"
qwen3.5-4b,728,manual_edge,0,0,correct_negative,ok,quote_or_report,False,0,0,"The moderator removed a post that said ""Jews should be expelled"""
qwen3.5-4b,729,manual_edge,0,0,correct_negative,ok,quote_or_report,False,0,0,"She testified that someone shouted ""gay people should be banned"""
qwen3.5-4b,730,manual_edge,0,0,correct_negative,ok,quote_or_report,False,0,0,"A debate about freedom of speech quoted ""blacks should die"" as an example to condemn"
qwen3.5-4b,731,manual_edge,0,0,correct_negative,ok,quote_or_report,False,0,0,Please report the account saying immigrants should be deported
qwen3.5-4b,732,manual_edge,0,0,correct_negative,ok,quote_or_report,False,0,0,"The phrase ""women should shut up"" was used in a study of sexism"
qwen3.5-4b,733,manual_edge,0,0,correct_negative,ok,counterspeech,False,0,0,No one should say blacks should die; that is hate speech.
qwen3.5-4b,734,manual_edge,0,1,false_positive,ok,exclusion|protected_target,True,0,0,Muslims should not have to leave.
qwen3.5-4b,735,manual_edge,0,0,correct_negative,ok,counterspeech,False,0,0,It is wrong to say Jews should be expelled.
qwen3.5-4b,736,manual_edge,0,0,correct_negative,ok,counterspeech,False,0,0,Stop telling gay people they do not belong.
qwen3.5-4b,737,manual_edge,0,0,correct_negative,ok,counterspeech,False,0,0,Do not threaten immigrants; everyone deserves safety.
qwen3.5-4b,738,manual_edge,0,0,correct_negative,ok,none,False,0,0,Black people should live freely and safely.
qwen3.5-4b,739,manual_edge,0,0,correct_negative,ok,quote_or_report,False,0,0,I oppose the post saying disabled people should not be allowed in public.
qwen3.5-4b,740,manual_edge,0,0,correct_negative,ok,none,False,0,0,A class discussed whether freedom of speech protects ugly slogans.
qwen3.5-4b,741,manual_edge,0,0,correct_negative,ok,quote_or_report,False,0,0,"A law professor quoted ""Muslims should leave"" while explaining protected speech."
qwen3.5-4b,742,manual_edge,0,0,correct_negative,ok,none,False,0,0,Hate speech is not the same as legitimate criticism of policy.
qwen3.5-4b,743,manual_edge,0,0,correct_negative,ok,none,False,0,0,Criticizing a government is not the same as attacking a protected group.
qwen3.5-4b,744,manual_edge,0,0,correct_negative,ok,none,False,0,0,"The phrase was cited as an example, not endorsed."
qwen3.5-4b,745,manual_edge,0,0,correct_negative,ok,none,False,1,0,Email [EMAIL] if you saw the post
qwen3.5-4b,746,manual_edge,0,0,correct_negative,ok,none,False,1,0,Call [PHONE] about the threat
qwen3.5-4b,747,manual_edge,0,0,correct_negative,ok,none,False,1,0,Visit [URL] for details
qwen3.5-4b,748,manual_edge,0,0,correct_negative,ok,none,False,1,0,DM [USER] with screenshots
qwen3.5-4b,749,manual_edge,0,0,correct_negative,ok,none,False,1,0,server [ID] hosted the mirror
qwen3.5-4b,750,manual_edge,0,0,correct_negative,ok,none,False,1,1,case ID AB-12345 belongs to Alex
qwen3.5-4b,751,manual_edge,0,0,correct_negative,ok,none,False,1,0,contact [EMAIL]
qwen3.5-4b,752,manual_edge,0,0,correct_negative,ok,none,False,2,0,my handle is [USER] and my phone is [PHONE]
qwen3.5-4b,753,manual_edge,0,0,correct_negative,ok,none,False,2,0,[LOCATION] is near [LOCATION]
qwen3.5-4b,754,manual_edge,0,0,correct_negative,ok,none,False,2,0,[LOCATION] is near [LOCATION]
qwen3.5-4b,755,manual_edge,0,0,correct_negative,ok,none,False,1,0,My name is [PERSON]
qwen3.5-4b,756,manual_edge,0,0,correct_negative,ok,none,False,2,0,i met [PERSON] at [LOCATION]
qwen3.5-4b,757,manual_edge,0,0,correct_negative,ok,none,False,2,0,I met [PERSON] at [LOCATION]
qwen3.5-4b,758,manual_edge,0,0,correct_negative,ok,none,False,1,0,alex lives near [LOCATION]
qwen3.5-4b,759,manual_edge,0,0,correct_negative,ok,none,False,2,0,[PERSON] lives near [LOCATION]
qwen3.5-4b,760,manual_edge,0,0,correct_negative,ok,none,False,1,0,maria works at [LOCATION]
qwen3.5-4b,761,manual_edge,0,0,correct_negative,ok,none,False,2,0,my name is [PERSON] and I live on [LOCATION]
qwen3.5-4b,762,manual_edge,0,0,correct_negative,ok,none,False,1,0,we met at [LOCATION] after class
qwen3.5-4b,763,manual_edge,0,0,correct_negative,ok,quote_or_report,False,1,0,Kill [PERSON] was posted
qwen3.5-4b,764,manual_edge,0,0,correct_negative,ok,quote_or_report,False,0,0,"""Kill Alex"" was written on the wall"
qwen3.5-4b,765,manual_edge,0,0,correct_negative,ok,none,False,1,0,Do not kill [PERSON]
qwen3.5-4b,766,manual_edge,0,0,correct_negative,ok,quote_or_report,False,2,0,Someone threatened to kill [PERSON] near [LOCATION]
qwen3.5-4b,767,manual_edge,1,0,false_negative,ok,none,False,1,0,[PERSON] said Muslims should leave
qwen3.5-4b,768,manual_edge,1,0,false_negative,ok,none,False,1,0,[USER] said Muslims should leave
qwen3.5-4b,769,manual_edge,0,0,correct_negative,ok,quote_or_report,False,1,0,Report [USER] for posting Muslims should leave
qwen3.5-4b,770,manual_edge,0,0,correct_negative,ok,none,False,0,0,I deny saying Muslims should leave
qwen3.5-4b,771,manual_edge,0,0,correct_negative,ok,none,False,2,0,[PERSON] called [PERSON] a loser for being a POW
qwen3.5-4b,772,manual_edge,0,0,correct_negative,ok,none,False,0,0,I read James Baldwin at the library
qwen3.5-4b,773,manual_edge,0,0,correct_negative,ok,none,False,1,0,Biden visited [LOCATION]
qwen3.5-4b,774,manual_edge,0,0,correct_negative,ok,none,False,2,0,I watched [PERSON] speak at [LOCATION]
qwen3.5-4b,775,manual_edge,0,0,correct_negative,ok,none,False,0,0,apple should fix the bug
qwen3.5-4b,776,manual_edge,0,0,correct_negative,ok,none,False,1,0,I bought apples near [LOCATION]
qwen3.5-4b,777,manual_edge,0,0,correct_negative,ok,none,False,0,0,amazon workers protested at the library
qwen3.5-4b,778,manual_edge,0,0,correct_negative,ok,none,False,1,0,The [LOCATION] Library posted a statement
qwen3.5-4b,779,manual_edge,0,0,correct_negative,ok,none,False,1,0,london library card number LL-12345 was leaked
qwen3.5-4b,780,manual_edge,0,0,correct_negative,ok,none,False,1,0,reach [EMAIL] at example dot com
qwen3.5-4b,781,manual_edge,0,0,correct_negative,ok,none,False,1,0,email [EMAIL]
qwen3.5-4b,782,manual_edge,0,0,correct_negative,ok,none,False,0,0,text four one five five five five zero one three four
qwen3.5-4b,783,manual_edge,0,0,correct_negative,ok,none,False,0,0,my ip is 10 dot 0 dot 0 dot 5
qwen3.5-4b,784,manual_edge,0,0,correct_negative,ok,quote_or_report,False,0,0,user six two three posted blacks should die
qwen3.5-4b,785,manual_edge,1,0,false_negative,ok,quote_or_report,False,2,0,[USER] posted from 12 [LOCATION] and said Muslims should leave
qwen3.5-4b,786,manual_edge,0,0,correct_negative,ok,none,False,2,0,[USER] posted his school is North High and phone [PHONE]
qwen3.5-4b,787,manual_edge,1,0,false_negative,ok,quote_or_report,False,2,0,I am [PERSON] from [LOCATION] and I hate immigrants
qwen3.5-4b,788,manual_edge,1,0,false_negative,ok,quote_or_report,False,3,0,"[PERSON], [DATE], from [LOCATION] said gay people should be banned"
qwen3.5-4b,789,manual_edge,0,0,correct_negative,ok,quote_or_report,False,1,0,My address is 221B [LOCATION] and I saw a threat
qwen3.5-4b,790,manual_edge,0,0,correct_negative,ok,counterspeech,False,0,0,"Muslims should leave? No, that is hateful."
qwen3.5-4b,791,manual_edge,0,0,correct_negative,ok,ambiguous_context,False,0,0,I worry people might say Muslims should leave
qwen3.5-4b,792,manual_edge,0,0,correct_negative,ok,quote_or_report,False,0,0,He did not say blacks should die
qwen3.5-4b,793,manual_edge,0,0,correct_negative,ok,quote_or_report,False,0,0,They might falsely claim Jews should be expelled
qwen3.5-4b,794,manual_edge,0,0,correct_negative,ok,counterspeech,False,0,0,The rumor that gay people should be banned is false
qwen3.5-4b,795,manual_edge,0,0,correct_negative,ok,none,False,0,0,I hate when my phone battery dies
qwen3.5-4b,796,manual_edge,0,0,correct_negative,ok,none,False,0,0,kill the lights before you leave
qwen3.5-4b,797,manual_edge,0,0,correct_negative,ok,none,False,0,0,black coffee should be served hot
qwen3.5-4b,798,manual_edge,0,0,correct_negative,ok,none,False,0,0,The Black Sea is beautiful
qwen3.5-4b,799,manual_edge,0,0,correct_negative,ok,none,False,1,0,[LOCATION] is rainy
qwen3.5-4b,800,manual_edge,0,0,correct_negative,ok,none,False,1,0,[LOCATION] won the poetry prize
